part_id,part_family,criticality_class,unit_cost,lead_time_days,supplier_id_primary,supplier_risk_class,is_repairable,avg_demand,demand_std,total_demand,max_demand,avg_inventory,avg_backorder,total_backorder,avg_blocked,inventory_coverage,avg_delay_days_x,late_delivery_rate_x,fill_rate_x,quality_incidents_x,total_scrap_x,avg_scrap,demand_risk,inventory_risk,backorder_risk,supplier_delivery_risk,lead_time_risk,quality_risk,criticality_risk,cost_risk,part_risk_score,risk_category,supplier_id,supplier_risk_score,supplier_risk_category,avg_delay_days_y,late_delivery_rate_y,fill_rate_y,quality_incidents_y,total_scrap_y,combined_risk_score,combined_risk_category,recommendation,predicted_risk_score,predicted_risk_category
P00264,Structure,A,3692.57,88,SUP033,High,No,0.8920940170940171,1.193611110060736,835,9,39.7275641025641,0.0,0,0.0833333333333333,44.532934131736525,5.954545454545454,0.9545454545454546,0.9585253456221198,3.0,3.0,1.0,0.12,0.0,0.235,0.952,0.99,0.889,1.0,0.8366666666666667,0.5257833333333333,High,SUP033,0.913125,Critical,6.088748019017433,0.9635499207606972,0.9441489361702128,11,15,0.782828,Immediate Action,Immediate supplier review and contingency planning,0.780501777476725,Immediate Action
P00294,Cabin,B,3005.67,100,SUP033,High,No,3.4722222222222223,3.2780713283860887,3250,47,144.02777777777777,0.0,0,0.1784188034188034,41.48,6.19620253164557,0.9746835443037974,0.9403157489410858,3.0,7.0,2.3333333333333335,0.845,0.0033333333333332,0.235,0.9873333333333332,1.0,0.9376666666666666,0.6,0.79,0.6040333333333333,High,SUP033,0.913125,Critical,6.088748019017433,0.9635499207606972,0.9441489361702128,11,15,0.7640535,Immediate Action,Immediate supplier review and contingency planning,0.7624653457545274,Immediate Action
P00155,Avionics,A,3795.73,50,SUP013,Medium,No,1.073717948717949,1.2908205165411226,1005,10,22.423076923076923,0.0,0,0.0384615384615384,20.88358208955224,2.46,0.78,0.9597069597069596,2.0,2.0,1.0,0.1816666666666666,0.0733333333333333,0.235,0.9126666666666668,0.7833333333333333,0.737,1.0,0.8433333333333334,0.5082666666666666,High,SUP013,0.813125,Critical,2.033737024221453,0.6859861591695502,0.9635485902189884,19,19,0.7247414999999998,High Priority,Increase safety stock and monitor supplier closely,0.7056883690499347,High Priority
P00271,Cabin,A,4616.09,67,SUP023,Medium,No,1.4957264957264955,1.5987906211412104,1400,9,46.80982905982906,0.0,0,0.0331196581196581,31.295714285714286,2.5972222222222223,0.7777777777777778,0.948051948051948,3.0,3.0,1.0,0.2841666666666667,0.0133333333333333,0.235,0.9506666666666668,0.9533333333333334,0.889,1.0,0.8933333333333333,0.5520416666666667,High,SUP023,0.728125,High,2.367857142857143,0.7357142857142858,0.9627924817798236,7,7,0.7158462499999999,High Priority,Increase safety stock and monitor supplier closely,0.7117391818375547,High Priority
P00070,Electrical,C,747.93,26,SUP027,Medium,No,2.7243589743589745,2.884011728966749,2550,25,21.583333333333332,0.0363247863247863,34,0.0534188034188034,7.92235294117647,2.53125,0.7421875,0.9774072081764388,3.0,3.0,1.0,0.7316666666666667,0.7433333333333334,0.83,0.8133333333333334,0.13,0.889,0.3,0.3433333333333333,0.6539833333333334,High,SUP027,0.805,Critical,2.015255530129672,0.6842105263157895,0.9648606615947208,24,29,0.7143900000000001,High Priority,Increase safety stock and monitor supplier closely,0.7199189829030812,High Priority
P00080,Cabin,B,2645.52,46,SUP027,Medium,No,4.313034188034188,3.843639232363327,4037,33,72.5267094017094,0.0,0,0.1752136752136752,16.815704731236064,2.073446327683616,0.7062146892655368,0.957103825136612,6.0,7.0,1.1666666666666667,0.915,0.1899999999999999,0.235,0.81,0.6766666666666666,0.9906666666666668,0.6,0.7433333333333333,0.5959,High,SUP027,0.805,Critical,2.015255530129672,0.6842105263157895,0.9648606615947208,24,29,0.7135170000000001,High Priority,Increase safety stock and monitor supplier closely,0.7107063144024987,High Priority
P00256,Fasteners,B,4297.61,89,SUP033,High,No,2.331196581196582,2.1701250758278814,2182,15,89.05448717948718,0.0,0,0.1399572649572649,38.201191567369385,5.955357142857143,0.9553571428571428,0.955177743431221,1.0,1.0,1.0,0.5283333333333333,0.0066666666666667,0.235,0.9646666666666668,0.9933333333333332,0.4896666666666667,0.6,0.8833333333333333,0.513,High,SUP033,0.913125,Critical,6.088748019017433,0.9635499207606972,0.9441489361702128,11,15,0.7067025000000002,High Priority,Increase safety stock and monitor supplier closely,0.7151107872623588,High Priority
P00119,Electrical,A,6480.24,33,SUP014,Medium,No,0.6677350427350427,0.9809226248959318,625,8,9.419871794871796,0.0032051282051282,3,0.0117521367521367,14.107200000000002,2.0303030303030303,0.7575757575757576,0.9663865546218487,2.0,2.0,1.0,0.0433333333333333,0.3666666666666667,0.565,0.8106666666666666,0.2933333333333333,0.737,1.0,0.9366666666666666,0.5360499999999999,High,SUP014,0.729375,High,2.0818505338078293,0.6915776986951364,0.9660980193725603,11,11,0.7053869999999999,High Priority,Increase safety stock and monitor supplier closely,0.6840659223007599,High Priority
P00054,Fasteners,B,4059.97,38,SUP027,Medium,No,2.4615384615384617,2.572710629578433,2304,21,30.125,0.0,0,0.0395299145299145,12.23828125,2.4358974358974357,0.7264957264957265,0.9711124769514444,2.0,2.0,1.0,0.635,0.4533333333333333,0.235,0.8206666666666668,0.4516666666666666,0.737,0.6,0.8633333333333333,0.5663000000000001,High,SUP027,0.805,Critical,2.015255530129672,0.6842105263157895,0.9648606615947208,24,29,0.6948690000000002,High Priority,Increase safety stock and monitor supplier closely,0.6910426558476688,High Priority
P00051,LandingGear,A,8954.31,39,SUP013,Medium,Yes,0.8963675213675214,1.113335619995829,839,8,15.965811965811966,0.0,0,0.0267094017094017,17.811680572109655,2.4285714285714284,0.8095238095238095,0.962566844919786,1.0,1.0,1.0,0.1166666666666666,0.15,0.235,0.902,0.49,0.4896666666666667,1.0,0.96,0.4640166666666667,Medium,SUP013,0.813125,Critical,2.033737024221453,0.6859861591695502,0.9635485902189884,19,19,0.6942090000000001,High Priority,Increase safety stock and monitor supplier closely,0.6787153793320944,High Priority
P00056,Cabin,B,1158.25,49,SUP027,Medium,No,5.419871794871795,4.46040097770835,5073,41,93.25320512820512,0.0,0,0.1207264957264957,17.205795387344764,1.7448979591836735,0.6224489795918368,0.9591605218377766,4.0,7.0,1.75,0.95,0.16,0.235,0.6353333333333334,0.7483333333333333,0.9746666666666668,0.6,0.5033333333333333,0.5625166666666667,High,SUP027,0.805,Critical,2.015255530129672,0.6842105263157895,0.9648606615947208,24,29,0.6924855000000001,High Priority,Increase safety stock and monitor supplier closely,0.6888490288916989,High Priority
P00072,Fasteners,B,5776.32,53,SUP006,Medium,No,2.155982905982906,2.189236307574553,2018,18,43.02777777777778,0.0,0,0.0576923076923076,19.95738354806739,2.375,0.7596153846153846,0.9830508474576272,4.0,5.0,1.25,0.5083333333333333,0.0999999999999999,0.235,0.7786666666666666,0.8516666666666667,0.9613333333333334,0.6,0.9233333333333332,0.5357666666666667,High,SUP006,0.8443750000000001,Critical,2.114051094890511,0.6861313868613139,0.9629342709016148,18,19,0.6921705000000001,High Priority,Increase safety stock and monitor supplier closely,0.6972232153981011,High Priority
P00201,Cabin,B,1354.83,52,SUP038,Medium,No,3.806623931623931,3.834824795253752,3563,44,64.54594017094017,0.0,0,0.0277777777777777,16.956216671344375,2.08,0.68,0.96792632581772,6.0,14.0,2.3333333333333335,0.9016666666666666,0.1833333333333333,0.235,0.7413333333333334,0.8266666666666667,0.9973333333333332,0.6,0.5866666666666667,0.5901,High,SUP038,0.7506250000000001,Critical,1.9441571871768355,0.6742502585315409,0.9647322859890992,15,26,0.6870255000000001,High Priority,Increase safety stock and monitor supplier closely,0.6834910422884024,High Priority
P00138,LandingGear,B,2379.41,33,SUP040,Medium,No,2.0790598290598292,2.397447299449124,1946,24,24.960470085470085,0.0074786324786324,7,0.0277777777777777,12.005652620760534,2.1717171717171717,0.6666666666666666,0.97423887587822,4.0,5.0,1.25,0.5416666666666667,0.5,0.6433333333333333,0.7026666666666667,0.2933333333333333,0.9613333333333334,0.6,0.7266666666666667,0.6049500000000001,High,SUP040,0.7256250000000001,High,1.8674897119341565,0.6625514403292181,0.9643892339544512,22,26,0.6858810000000002,High Priority,Increase safety stock and monitor supplier closely,0.6826659157111998,High Priority
P00162,LandingGear,B,2948.08,37,SUP009,Medium,No,2.050213675213675,2.331977187142468,1919,18,24.298076923076923,0.0085470085470085,8,0.0309829059829059,11.851485148514852,2.0,0.6666666666666666,0.9750623441396508,2.0,2.0,1.0,0.5166666666666666,0.5266666666666666,0.6583333333333333,0.6616666666666667,0.4216666666666667,0.737,0.6,0.7766666666666666,0.5955333333333332,High,SUP009,0.716875,High,1.927580893682589,0.6979969183359014,0.9672940976066776,11,16,0.6762735,High Priority,Increase safety stock and monitor supplier closely,0.6748499439729639,High Priority
P00228,Fasteners,A,8071.81,49,SUP040,Medium,No,0.9017094017094016,1.1520533934434924,844,10,18.96581196581197,0.0,0,0.0096153846153846,21.033175355450236,2.511627906976744,0.7674418604651163,0.9320388349514565,1.0,1.0,1.0,0.1216666666666666,0.0666666666666666,0.235,0.95,0.7483333333333333,0.4896666666666667,1.0,0.9533333333333334,0.4808,Medium,SUP040,0.7256250000000001,High,1.8674897119341565,0.6625514403292181,0.9643892339544512,22,26,0.6655395000000001,High Priority,Increase safety stock and monitor supplier closely,0.6565651370313956,High Priority
P00018,Cabin,C,1153.39,44,SUP027,Medium,No,5.704059829059829,4.978566313467476,5339,38,71.55021367521367,0.0,0,0.1089743589743589,12.543734781794344,1.9310344827586208,0.6945812807881774,0.9656301145662848,2.0,3.0,1.5,0.97,0.4166666666666666,0.235,0.74,0.6266666666666667,0.795,0.3,0.5,0.57225,High,SUP027,0.805,Critical,2.015255530129672,0.6842105263157895,0.9648606615947208,24,29,0.6653500000000001,High Priority,Increase safety stock and monitor supplier closely,0.6690858204743388,High Priority
P00175,Cabin,C,906.57,60,SUP006,Medium,No,5.541666666666667,5.252386776020955,5187,50,103.6880341880342,0.0,0,0.1559829059829059,18.71062271062271,1.663265306122449,0.6479591836734694,0.9588329336530776,5.0,5.0,1.0,0.9716666666666668,0.1433333333333333,0.235,0.6506666666666667,0.915,0.9723333333333332,0.3,0.38,0.545,High,SUP006,0.8443750000000001,Critical,2.114051094890511,0.6861313868613139,0.9629342709016148,18,19,0.6647500000000001,High Priority,Increase safety stock and monitor supplier closely,0.6664630951435139,High Priority
P00048,Fasteners,C,1384.03,63,SUP006,Medium,No,3.341880341880342,3.0581876235356815,3128,21,63.19230769230769,0.0,0,0.0876068376068376,18.90920716112532,2.6623376623376624,0.7402597402597403,0.9592211609110948,2.0,2.0,1.0,0.8033333333333332,0.13,0.235,0.8973333333333333,0.945,0.737,0.3,0.5933333333333334,0.5442166666666667,High,SUP006,0.8443750000000001,Critical,2.114051094890511,0.6861313868613139,0.9629342709016148,18,19,0.66428,High Priority,Increase safety stock and monitor supplier closely,0.6648675874672509,High Priority
P00116,Cabin,B,2923.87,54,SUP038,Medium,No,4.670940170940171,4.552327908061208,4372,50,90.6826923076923,0.0,0,0.09508547008547,19.41422689844465,1.5773809523809523,0.6130952380952381,0.964524931778715,2.0,2.0,1.0,0.9383333333333334,0.12,0.235,0.5926666666666667,0.8683333333333333,0.737,0.6,0.7733333333333333,0.5480999999999999,High,SUP038,0.7506250000000001,Critical,1.9441571871768355,0.6742502585315409,0.9647322859890992,15,26,0.6605655000000001,High Priority,Increase safety stock and monitor supplier closely,0.6599658980295293,High Priority
P00270,Electrical,B,3295.81,52,SUP006,Medium,No,1.94017094017094,1.8588276371551895,1816,12,33.00961538461539,0.0,0,0.0395299145299145,17.01376651982379,2.0425531914893615,0.6914893617021277,0.9501779359430604,1.0,1.0,1.0,0.4133333333333333,0.1733333333333333,0.235,0.8013333333333333,0.8266666666666667,0.4896666666666667,0.6,0.8133333333333334,0.4844166666666666,Medium,SUP006,0.8443750000000001,Critical,2.114051094890511,0.6861313868613139,0.9629342709016148,18,19,0.6598200000000001,High Priority,Increase safety stock and monitor supplier closely,0.6602246134804661,High Priority
P00135,Electrical,A,10313.86,37,SUP013,Medium,No,0.7029914529914529,1.0297352465569662,658,8,10.052350427350428,0.0,0,0.016025641025641,14.29939209726444,1.7428571428571429,0.6285714285714286,0.9657534246575342,0.0,0.0,0.0,0.0633333333333333,0.3366666666666666,0.235,0.6146666666666667,0.4216666666666667,0.175,1.0,0.9766666666666668,0.4127833333333333,Medium,SUP013,0.813125,Critical,2.033737024221453,0.6859861591695502,0.9635485902189884,19,19,0.6588579999999999,High Priority,Increase safety stock and monitor supplier closely,0.6439292602153172,High Priority
P00098,Electrical,C,1048.02,43,SUP013,Medium,No,1.1591880341880345,2.3567586239715244,1085,28,13.78525641025641,0.0064102564102564,6,0.0096153846153846,11.892165898617511,1.8727272727272728,0.7090909090909091,0.9571788413098236,2.0,2.0,1.0,0.3833333333333333,0.52,0.625,0.768,0.5966666666666667,0.737,0.3,0.4433333333333333,0.5559833333333333,High,SUP013,0.813125,Critical,2.033737024221453,0.6859861591695502,0.9635485902189884,19,19,0.65884,High Priority,Increase safety stock and monitor supplier closely,0.6644697349401816,High Priority
P00076,Structure,B,1209.39,52,SUP006,Medium,No,1.8557692307692308,2.0505715509891473,1737,20,30.98076923076923,0.0,0,0.0213675213675213,16.694300518134714,2.067415730337079,0.6853932584269663,0.9448621553884712,1.0,1.0,1.0,0.4391666666666666,0.2033333333333333,0.235,0.8073333333333335,0.8266666666666667,0.4896666666666667,0.6,0.5333333333333333,0.4811916666666667,Medium,SUP006,0.8443750000000001,Critical,2.114051094890511,0.6861313868613139,0.9629342709016148,18,19,0.6577882500000001,High Priority,Increase safety stock and monitor supplier closely,0.6573636789707935,High Priority
P00198,LandingGear,C,1165.95,37,SUP040,Medium,Yes,2.6378205128205128,2.8220334675219685,2469,30,26.148504273504273,0.0096153846153846,9,0.0128205128205128,9.912920210611585,1.3801652892561984,0.6115702479338843,0.950916617386162,3.0,3.0,1.0,0.715,0.62,0.6766666666666666,0.6206666666666667,0.4216666666666667,0.889,0.3,0.51,0.6124166666666667,High,SUP040,0.7256250000000001,High,1.8674897119341565,0.6625514403292181,0.9643892339544512,22,26,0.6577000000000001,High Priority,Increase safety stock and monitor supplier closely,0.6608581545156405,High Priority
P00133,Electrical,B,3109.7,31,SUP039,Medium,No,1.7425213675213675,1.698362737711751,1631,13,16.01068376068376,0.0032051282051282,3,0.0096153846153846,9.188228080931944,2.3333333333333335,0.75,0.9647435897435898,3.0,3.0,1.0,0.3441666666666666,0.6766666666666667,0.565,0.8580000000000001,0.2316666666666666,0.889,0.6,0.8066666666666666,0.6128083333333334,High,SUP039,0.6406250000000001,High,2.179738562091503,0.7026143790849673,0.9568744662681468,5,5,0.6551317500000001,High Priority,Increase safety stock and monitor supplier closely,0.6526222240647093,High Priority
P00084,Avionics,B,698.37,56,SUP009,Medium,No,3.215811965811966,2.732338714000844,3010,24,63.090811965811966,0.0,0,0.0502136752136752,19.61893687707641,2.2933333333333334,0.7466666666666667,0.9565404475043028,3.0,6.0,2.0,0.76,0.1133333333333332,0.235,0.8746666666666667,0.885,0.931,0.6,0.32,0.5607166666666668,High,SUP009,0.716875,High,1.927580893682589,0.6979969183359014,0.9672940976066776,11,16,0.6543390000000001,High Priority,Increase safety stock and monitor supplier closely,0.6555876477403222,High Priority
P00260,Hydraulics,B,1314.97,48,SUP013,Medium,No,1.7286324786324787,1.6250290493734714,1618,10,29.693376068376068,0.0,0,0.0502136752136752,17.177379480840543,2.397590361445783,0.7469879518072289,0.9723502304147466,4.0,4.0,1.0,0.3216666666666666,0.1633333333333333,0.235,0.8293333333333334,0.72,0.9506666666666668,0.6,0.57,0.4961333333333333,Medium,SUP013,0.813125,Critical,2.033737024221453,0.6859861591695502,0.9635485902189884,19,19,0.6540765000000001,High Priority,Increase safety stock and monitor supplier closely,0.6539887417204221,High Priority
P00164,Engine,C,1442.53,95,SUP033,High,No,1.8258547008547008,1.8519001128741897,1709,16,63.58012820512821,0.0,0,0.1004273504273504,34.822118197776476,5.573033707865169,0.9438202247191012,0.9070631970260224,2.0,2.0,1.0,0.39,0.01,0.235,0.9833333333333334,0.9966666666666668,0.737,0.3,0.6133333333333333,0.4772833333333333,Medium,SUP033,0.913125,Critical,6.088748019017433,0.9635499207606972,0.9441489361702128,11,15,0.6516200000000001,High Priority,Increase safety stock and monitor supplier closely,0.6549288667172184,High Priority
P00189,Fasteners,B,2173.19,43,SUP038,Medium,No,2.5833333333333335,2.256659781399039,2418,16,37.46367521367522,0.0,0,0.0288461538461538,14.50206782464847,1.903225806451613,0.7016129032258065,0.9592096876991716,2.0,4.0,2.0,0.5791666666666666,0.3,0.235,0.7613333333333333,0.5966666666666667,0.8196666666666668,0.6,0.7033333333333334,0.5331250000000001,High,SUP038,0.7506250000000001,Critical,1.9441571871768355,0.6742502585315409,0.9647322859890992,15,26,0.65113125,High Priority,Increase safety stock and monitor supplier closely,0.6489807966994283,High Priority
P00297,LandingGear,C,1258.51,52,SUP002,Medium,Yes,2.924145299145299,2.8158478774083573,2737,17,42.44017094017094,0.0,0,0.0235042735042735,14.513701132626965,2.585185185185185,0.7407407407407407,0.965657478535924,3.0,3.0,1.0,0.7366666666666667,0.2933333333333333,0.235,0.8726666666666667,0.8266666666666667,0.889,0.3,0.5566666666666666,0.5647166666666668,High,SUP002,0.77625,Critical,2.2450851900393185,0.7182175622542595,0.9678866739311582,10,14,0.64933,High Priority,Increase safety stock and monitor supplier closely,0.6503486846690196,High Priority
P00277,Electrical,C,1230.77,46,SUP013,Medium,No,2.485042735042735,2.5089765257427015,2326,17,35.175213675213676,0.0021367521367521,2,0.0181623931623931,14.154772141014618,1.925,0.6333333333333333,0.9690122659780503,2.0,2.0,1.0,0.6233333333333333,0.3566666666666667,0.5316666666666666,0.6413333333333333,0.6766666666666666,0.737,0.3,0.54,0.53915,High,SUP013,0.813125,Critical,2.033737024221453,0.6859861591695502,0.9635485902189884,19,19,0.6487400000000001,High Priority,Increase safety stock and monitor supplier closely,0.6525134838933331,High Priority
P00052,Electrical,C,1176.07,28,SUP027,Medium,No,2.4369658119658117,2.7696369350099133,2281,36,19.213675213675213,0.001068376068376,1,0.0277777777777777,7.884261288908374,1.4655172413793105,0.603448275862069,0.9495268138801262,1.0,1.0,1.0,0.6683333333333333,0.7533333333333333,0.4916666666666666,0.622,0.1683333333333333,0.4896666666666667,0.3,0.5166666666666667,0.5396,High,SUP027,0.805,Critical,2.015255530129672,0.6842105263157895,0.9648606615947208,24,29,0.6457600000000001,High Priority,Increase safety stock and monitor supplier closely,0.6469076811695399,High Priority
P00127,Structure,C,399.15,85,SUP033,High,No,3.2628205128205128,3.605009312491574,3054,28,100.19017094017094,0.0,0,0.235042735042735,30.706614276358874,6.225563909774436,0.962406015037594,0.954321855235418,0.0,0.0,0.0,0.8566666666666667,0.0166666666666667,0.235,0.9706666666666668,0.9833333333333332,0.175,0.3,0.1766666666666666,0.46735,Medium,SUP033,0.913125,Critical,6.088748019017433,0.9635499207606972,0.9441489361702128,11,15,0.6456600000000001,High Priority,Increase safety stock and monitor supplier closely,0.6421721483758736,High Priority
P00163,Avionics,C,294.92,44,SUP027,Medium,Yes,3.4743589743589745,3.36852125086419,3252,22,42.88247863247863,0.0,0,0.0566239316239316,12.342558425584254,1.832167832167832,0.6433566433566433,0.9702499008330028,5.0,5.0,1.0,0.8574999999999999,0.4333333333333333,0.235,0.6213333333333334,0.6266666666666667,0.9723333333333332,0.3,0.0833333333333333,0.5378083333333334,High,SUP027,0.805,Critical,2.015255530129672,0.6842105263157895,0.9648606615947208,24,29,0.6446850000000002,High Priority,Increase safety stock and monitor supplier closely,0.6465553212590218,High Priority
P00222,Fasteners,B,2487.27,56,SUP021,Medium,No,2.4732905982905984,2.535171262756245,2315,21,48.30448717948718,0.0,0,0.0576923076923076,19.530453563714904,1.815126050420168,0.6890756302521008,0.9357560025957172,3.0,3.0,1.0,0.6266666666666667,0.1166666666666667,0.235,0.7513333333333334,0.885,0.889,0.6,0.7333333333333333,0.53935,High,SUP021,0.7250000000000001,High,2.078393881453155,0.7017208413001912,0.9535977761146156,8,10,0.6442905,High Priority,Increase safety stock and monitor supplier closely,0.645142428266167,High Priority
P00226,Hydraulics,B,1134.87,38,SUP027,Medium,Yes,1.518162393162393,1.5913170945871824,1421,10,18.22222222222222,0.0,0,0.0245726495726495,12.002814919071076,2.4794520547945207,0.7808219178082192,0.9766536964980544,1.0,1.0,1.0,0.2866666666666667,0.5033333333333334,0.235,0.8440000000000001,0.4516666666666666,0.4896666666666667,0.6,0.49,0.4841500000000001,Medium,SUP027,0.805,Critical,2.015255530129672,0.6842105263157895,0.9648606615947208,24,29,0.6431145000000001,High Priority,Increase safety stock and monitor supplier closely,0.6417491555555068,High Priority
P00042,Fasteners,B,2238.82,42,SUP014,Medium,No,2.5822649572649574,2.6523454655757046,2417,20,37.41025641025641,0.0,0,0.016025641025641,14.487381050889532,2.0330578512396693,0.6776859504132231,0.9626604434072346,2.0,2.0,1.0,0.6766666666666667,0.3033333333333333,0.235,0.744,0.56,0.737,0.6,0.7066666666666667,0.53405,High,SUP014,0.729375,High,2.0818505338078293,0.6915776986951364,0.9660980193725603,11,11,0.6427889999999999,High Priority,Increase safety stock and monitor supplier closely,0.639334250930096,High Priority
P00158,Structure,B,1883.28,54,SUP024,Medium,No,2.3205128205128207,2.556703708758785,2172,19,46.45512820512821,0.0,0,0.0512820512820512,20.019337016574585,2.216216216216216,0.6486486486486487,0.9600507292327204,2.0,2.0,1.0,0.6066666666666667,0.0966666666666666,0.235,0.7460000000000001,0.8683333333333333,0.737,0.6,0.6666666666666666,0.51135,High,SUP024,0.759375,Critical,2.035322777101096,0.6784409257003654,0.9651393188854488,16,16,0.641088,High Priority,Increase safety stock and monitor supplier closely,0.6430107748577465,High Priority
P00251,Hydraulics,B,1971.19,44,SUP013,Medium,No,1.502136752136752,1.7199663367230955,1406,14,21.88354700854701,0.0,0,0.0202991452991453,14.56827880512091,2.236111111111111,0.6666666666666666,0.9776,2.0,2.0,1.0,0.3183333333333333,0.29,0.235,0.6880000000000001,0.6266666666666667,0.737,0.6,0.6766666666666666,0.4744,Medium,SUP013,0.813125,Critical,2.033737024221453,0.6859861591695502,0.9635485902189884,19,19,0.6403845,High Priority,Increase safety stock and monitor supplier closely,0.6375849769492208,High Priority
P00220,Electrical,A,8993.0,47,SUP023,Medium,No,0.7489316239316239,1.0362411151829714,701,9,15.419871794871796,0.0,0,0.0267094017094017,20.589158345221115,3.0277777777777777,0.75,0.9477611940298508,0.0,0.0,0.0,0.0816666666666666,0.0833333333333333,0.235,0.9446666666666668,0.7033333333333334,0.175,1.0,0.9633333333333334,0.4418666666666667,Medium,SUP023,0.728125,High,2.367857142857143,0.7357142857142858,0.9627924817798236,7,7,0.6398254999999999,High Priority,Increase safety stock and monitor supplier closely,0.6333833451684023,High Priority
P00219,Avionics,A,2387.27,53,SUP021,Medium,No,1.063034188034188,1.2805751477325948,995,12,26.001068376068375,0.0,0,0.0192307692307692,24.45929648241206,2.4901960784313726,0.7450980392156863,0.9552238805970148,0.0,0.0,0.0,0.1725,0.0366666666666666,0.235,0.9053333333333332,0.8516666666666667,0.175,1.0,0.73,0.4434249999999999,Medium,SUP021,0.7250000000000001,High,2.078393881453155,0.7017208413001912,0.9535977761146156,8,10,0.6394632499999999,High Priority,Increase safety stock and monitor supplier closely,0.6357540145256182,High Priority
P00006,Cabin,C,665.36,68,SUP002,Medium,No,5.512820512820513,4.639039887049067,5160,47,117.3215811965812,0.0,0,0.1217948717948717,21.28158914728682,2.393782383419689,0.7461139896373057,0.9737242955064738,3.0,7.0,2.3333333333333335,0.9616666666666668,0.0533333333333333,0.235,0.8206666666666667,0.9566666666666668,0.9376666666666666,0.3,0.2966666666666667,0.5475333333333333,High,SUP002,0.77625,Critical,2.2450851900393185,0.7182175622542595,0.9678866739311582,10,14,0.6390199999999999,High Priority,Increase safety stock and monitor supplier closely,0.6375296577206544,High Priority
P00005,Cabin,C,1319.96,63,SUP024,Medium,No,7.0010683760683765,5.573715907523419,6553,42,129.87286324786325,0.0,0,0.1655982905982906,18.550434915305967,1.855072463768116,0.6811594202898551,0.9730410309583766,3.0,3.0,1.0,0.9916666666666668,0.1466666666666666,0.235,0.67,0.945,0.889,0.3,0.5733333333333334,0.5559,High,SUP024,0.759375,Critical,2.035322777101096,0.6784409257003654,0.9651393188854488,16,16,0.6372899999999999,High Priority,Increase safety stock and monitor supplier closely,0.6359794402614098,High Priority
P00020,Hydraulics,C,295.4,46,SUP013,Medium,Yes,0.8792735042735043,1.6775835390414993,823,17,12.335470085470083,0.0192307692307692,18,0.0181623931623931,14.029161603888214,1.9047619047619049,0.7619047619047619,0.9461077844311376,2.0,2.0,1.0,0.1983333333333333,0.3866666666666667,0.7366666666666667,0.8426666666666667,0.6766666666666666,0.737,0.3,0.09,0.5198499999999999,High,SUP013,0.813125,Critical,2.033737024221453,0.6859861591695502,0.9635485902189884,19,19,0.63716,High Priority,Increase safety stock and monitor supplier closely,0.6467783708526119,High Priority
P00037,Electrical,A,6621.05,37,SUP014,Medium,No,0.7051282051282052,1.0220119533272234,660,7,9.976495726495726,0.0,0,0.0096153846153846,14.148484848484848,2.1176470588235294,0.7352941176470589,0.9772727272727272,0.0,0.0,0.0,0.065,0.36,0.235,0.7516666666666667,0.4216666666666667,0.175,1.0,0.94,0.4364166666666667,Medium,SUP014,0.729375,High,2.0818505338078293,0.6915776986951364,0.9660980193725603,11,11,0.63664,High Priority,Increase safety stock and monitor supplier closely,0.6211371113817026,High Priority
P00281,Fasteners,A,10105.58,62,SUP021,Medium,No,1.016025641025641,1.196590349974458,951,8,27.58974358974359,0.0,0,0.0523504273504273,27.154574132492115,1.625,0.6666666666666666,0.984189723320158,1.0,1.0,1.0,0.15,0.0266666666666666,0.235,0.5446666666666666,0.9383333333333334,0.4896666666666667,1.0,0.9733333333333334,0.4362499999999999,Medium,SUP021,0.7250000000000001,High,2.078393881453155,0.7017208413001912,0.9535977761146156,8,10,0.6345124999999999,High Priority,Increase safety stock and monitor supplier closely,0.6389948825316124,High Priority
P00203,Fasteners,C,1309.16,61,SUP024,Medium,No,3.5822649572649574,3.2417176404190178,3353,29,67.89957264957265,0.0,0,0.063034188034188,18.954369221592604,2.5153374233128836,0.7484662576687117,0.9493189737092176,2.0,2.0,1.0,0.845,0.1233333333333333,0.235,0.9253333333333332,0.9266666666666666,0.737,0.3,0.5666666666666667,0.5501666666666667,High,SUP024,0.759375,Critical,2.035322777101096,0.6784409257003654,0.9651393188854488,16,16,0.63385,High Priority,Increase safety stock and monitor supplier closely,0.6346629144890453,High Priority
P00101,Cabin,C,1068.38,62,SUP021,Medium,No,6.84508547008547,6.758677321567592,6407,64,128.6346153846154,0.0,0,0.1143162393162393,18.79225846730139,2.0591133004926108,0.6748768472906403,0.9556679559654864,4.0,6.0,1.5,0.995,0.1366666666666667,0.235,0.7653333333333334,0.9383333333333334,0.968,0.3,0.46,0.5702666666666667,High,SUP021,0.7250000000000001,High,2.078393881453155,0.7017208413001912,0.9535977761146156,8,10,0.63216,High Priority,Increase safety stock and monitor supplier closely,0.6314223456993839,High Priority
P00120,Fasteners,C,1334.93,46,SUP013,Medium,No,3.081196581196582,2.6158359896887395,2884,18,44.35897435897436,0.0,0,0.0416666666666666,14.396671289875172,1.8993288590604027,0.6711409395973155,0.9616223288268644,2.0,2.0,1.0,0.715,0.3133333333333333,0.235,0.7046666666666667,0.6766666666666666,0.737,0.3,0.58,0.5112333333333333,High,SUP013,0.813125,Critical,2.033737024221453,0.6859861591695502,0.9635485902189884,19,19,0.63199,High Priority,Increase safety stock and monitor supplier closely,0.6337159160054285,High Priority
P00022,Hydraulics,A,5429.21,49,SUP038,Medium,Yes,0.6111111111111112,0.9287127797189548,572,5,12.351495726495726,0.0,0,0.0096153846153846,20.21153846153846,2.272727272727273,0.6363636363636364,1.0,1.0,1.0,1.0,0.03,0.0933333333333333,0.235,0.5840000000000001,0.7483333333333333,0.4896666666666667,1.0,0.91,0.4153166666666666,Medium,SUP038,0.7506250000000001,Critical,1.9441571871768355,0.6742502585315409,0.9647322859890992,15,26,0.631856,High Priority,Increase safety stock and monitor supplier closely,0.6213182374789115,High Priority
P00114,LandingGear,B,3989.96,36,SUP018,Medium,Yes,0.9786324786324786,1.870563599924131,916,15,11.01602564102564,0.0064102564102564,6,0.0128205128205128,11.256550218340612,2.3404255319148937,0.7446808510638298,0.9757785467128028,2.0,2.0,1.0,0.26,0.5633333333333334,0.625,0.7973333333333333,0.3916666666666666,0.737,0.6,0.8533333333333334,0.5805499999999999,High,SUP018,0.6318750000000001,High,1.8813838550247115,0.6771004942339374,0.9667196728759656,11,11,0.631134,High Priority,Increase safety stock and monitor supplier closely,0.631168047716826,High Priority
P00024,Fasteners,A,7635.37,45,SUP015,Medium,No,0.936965811965812,1.197716625670476,877,9,16.351495726495727,0.0,0,0.001068376068376,17.451539338654506,2.844444444444445,0.8666666666666667,0.9439252336448598,2.0,2.0,1.0,0.1358333333333333,0.1566666666666666,0.235,0.9713333333333334,0.6483333333333333,0.737,1.0,0.9466666666666668,0.518525,High,SUP015,0.586875,High,2.205811138014528,0.7021791767554479,0.9700226244343892,6,6,0.62774475,High Priority,Increase safety stock and monitor supplier closely,0.6152637622083024,High Priority
P00060,Cabin,C,546.59,52,SUP014,Medium,No,6.544871794871795,5.28079107918961,6126,42,92.79380341880342,0.0,0,0.0641025641025641,14.178093372510611,2.0297029702970297,0.7029702970297029,0.9771371769383698,2.0,2.0,1.0,0.9816666666666668,0.3533333333333334,0.235,0.7073333333333335,0.8266666666666667,0.737,0.3,0.27,0.5591333333333334,High,SUP014,0.729375,High,2.0818505338078293,0.6915776986951364,0.9660980193725603,11,11,0.62723,High Priority,Increase safety stock and monitor supplier closely,0.6310191233154865,High Priority
P00153,Fasteners,B,2261.29,70,SUP026,Medium,No,2.172008547008547,2.1192538854377294,2033,17,53.47542735042735,0.0,0,0.0651709401709401,24.620265617314317,2.2596153846153846,0.75,0.981958762886598,3.0,3.0,1.0,0.4983333333333333,0.0333333333333333,0.235,0.7620000000000001,0.9666666666666668,0.889,0.6,0.71,0.5120333333333333,High,SUP026,0.72375,High,2.1588235294117646,0.7058823529411765,0.9669249669249668,10,10,0.626556,High Priority,Increase safety stock and monitor supplier closely,0.6288504065512992,High Priority
P00091,Electrical,C,1711.8,42,SUP024,Medium,No,2.5673076923076925,2.565038410733783,2403,20,32.175213675213676,0.0,0,0.0106837606837606,12.532667498959633,1.9338842975206612,0.6611570247933884,0.963594994311718,6.0,6.0,1.0,0.6483333333333333,0.4233333333333333,0.235,0.6926666666666668,0.56,0.984,0.3,0.6433333333333333,0.5376333333333333,High,SUP024,0.759375,Critical,2.035322777101096,0.6784409257003654,0.9651393188854488,16,16,0.62633,High Priority,Increase safety stock and monitor supplier closely,0.6261982337330122,High Priority
P00295,Structure,C,320.21,32,SUP014,Medium,No,3.22008547008547,3.906208193706539,3014,35,32.06944444444444,0.0021367521367521,2,0.0202991452991453,9.959190444591904,2.0555555555555554,0.6746031746031746,0.9493069306930692,1.0,1.0,1.0,0.8600000000000001,0.6066666666666667,0.5316666666666666,0.7753333333333332,0.2566666666666666,0.4896666666666667,0.3,0.1066666666666666,0.55635,High,SUP014,0.729375,High,2.0818505338078293,0.6915776986951364,0.9660980193725603,11,11,0.62556,High Priority,Increase safety stock and monitor supplier closely,0.62726236036112,High Priority
P00298,Avionics,C,305.2,61,SUP006,Medium,Yes,3.7104700854700856,3.1849474501264132,3473,20,69.7051282051282,0.0,0,0.1666666666666666,18.786063921681546,2.142857142857143,0.6904761904761905,0.9715762273901808,1.0,1.0,1.0,0.8483333333333334,0.14,0.235,0.7466666666666667,0.9266666666666666,0.4896666666666667,0.3,0.0966666666666666,0.4789666666666666,Medium,SUP006,0.8443750000000001,Critical,2.114051094890511,0.6861313868613139,0.9629342709016148,18,19,0.62513,High Priority,Increase safety stock and monitor supplier closely,0.6274636450227188,High Priority
P00171,Structure,B,977.38,56,SUP002,Medium,No,1.1848290598290598,2.2013667540238413,1109,16,23.622863247863247,0.0,0,0.0053418803418803,19.937781785392243,2.3684210526315788,0.6842105263157895,0.9655172413793104,2.0,2.0,1.0,0.3616666666666667,0.1033333333333333,0.235,0.7980000000000002,0.885,0.737,0.6,0.4133333333333333,0.4727333333333334,Medium,SUP002,0.77625,Critical,2.2450851900393185,0.7182175622542595,0.9678866739311582,10,14,0.623847,High Priority,Increase safety stock and monitor supplier closely,0.6272698512463764,High Priority
P00178,Fasteners,C,839.09,58,SUP006,Medium,No,3.056623931623931,3.0598309924359532,2861,27,52.06517094017094,0.0,0,0.0245726495726495,17.03355470115344,1.962406015037594,0.6466165413533834,0.9635202918376652,1.0,1.0,1.0,0.7741666666666667,0.17,0.235,0.688,0.9016666666666666,0.4896666666666667,0.3,0.3666666666666666,0.4760416666666667,Medium,SUP006,0.8443750000000001,Critical,2.114051094890511,0.6861313868613139,0.9629342709016148,18,19,0.623375,High Priority,Increase safety stock and monitor supplier closely,0.6233618135653488,High Priority
P00250,Structure,A,4936.4,41,SUP015,Medium,No,0.7339743589743589,1.0840405775031603,687,9,12.57905982905983,0.0021367521367521,2,0.0064102564102564,17.138282387190685,2.638888888888889,0.75,1.0,2.0,2.0,1.0,0.0866666666666666,0.1666666666666666,0.5316666666666666,0.7526666666666667,0.5333333333333333,0.737,1.0,0.9033333333333332,0.5111833333333333,High,SUP015,0.586875,High,2.205811138014528,0.7021791767554479,0.9700226244343892,6,6,0.622679,High Priority,Increase safety stock and monitor supplier closely,0.6084819946461646,High Priority
P00181,Structure,B,995.65,42,SUP025,Medium,No,2.5705128205128207,2.44934699446622,2406,21,37.56410256410256,0.0,0,0.0502136752136752,14.613466334164588,2.153225806451613,0.7096774193548387,0.938337801608579,2.0,3.0,1.5,0.615,0.2833333333333333,0.235,0.8506666666666667,0.56,0.795,0.6,0.4233333333333333,0.5284333333333333,High,SUP025,0.688125,High,2.0681399631675874,0.6906077348066298,0.9593229981510454,7,11,0.6219254999999999,High Priority,Increase safety stock and monitor supplier closely,0.619516017865184,High Priority
P00215,Fasteners,B,2286.79,61,SUP024,Medium,No,2.4155982905982905,2.331218557433244,2261,20,53.15491452991453,0.0,0,0.0576923076923076,22.00486510393631,1.5128205128205128,0.6239316239316239,0.9689226519337016,2.0,2.0,1.0,0.56,0.0433333333333333,0.235,0.5766666666666667,0.9266666666666666,0.737,0.6,0.7133333333333334,0.47645,Medium,SUP024,0.759375,Critical,2.035322777101096,0.6784409257003654,0.9651393188854488,16,16,0.619101,High Priority,Increase safety stock and monitor supplier closely,0.6213079801725045,High Priority
P00240,Electrical,C,1112.44,42,SUP013,Medium,No,2.3835470085470085,2.4606652341550403,2231,17,29.89957264957265,0.0,0,0.0448717948717948,12.544150605109817,2.130434782608696,0.6956521739130435,0.9559322033898304,1.0,1.0,1.0,0.5933333333333333,0.4133333333333333,0.235,0.8126666666666666,0.56,0.4896666666666667,0.3,0.4866666666666667,0.4881166666666666,Medium,SUP013,0.813125,Critical,2.033737024221453,0.6859861591695502,0.9635485902189884,19,19,0.61812,High Priority,Increase safety stock and monitor supplier closely,0.618982867921556,High Priority
P00257,Cabin,C,1057.87,54,SUP038,Medium,No,6.802350427350428,7.091339511958286,6367,58,115.5042735042735,0.0,0,0.0641025641025641,16.98005340034553,2.036082474226804,0.6752577319587629,0.964609191546461,1.0,2.0,2.0,0.995,0.1766666666666666,0.235,0.732,0.8683333333333333,0.583,0.3,0.4533333333333333,0.5274333333333334,High,SUP038,0.7506250000000001,Critical,1.9441571871768355,0.6742502585315409,0.9647322859890992,15,26,0.6167100000000001,High Priority,Increase safety stock and monitor supplier closely,0.6182932792951845,High Priority
P00238,Cabin,C,699.01,53,SUP040,Medium,No,2.8055555555555554,4.878043255362582,2626,41,47.1741452991453,0.0,0,0.0459401709401709,16.814546839299318,2.462686567164179,0.7313432835820896,0.9694736842105264,2.0,4.0,2.0,0.8466666666666667,0.1933333333333333,0.235,0.8406666666666667,0.8516666666666667,0.8196666666666668,0.3,0.3233333333333333,0.5403166666666667,High,SUP040,0.7256250000000001,High,1.8674897119341565,0.6625514403292181,0.9643892339544512,22,26,0.6144400000000001,High Priority,Increase safety stock and monitor supplier closely,0.6160014249606861,High Priority
P00057,Avionics,C,118.18,56,SUP013,Medium,Yes,3.6955128205128207,3.581625889845103,3459,25,61.495726495726494,0.0,0,0.0566239316239316,16.640647586007514,2.0,0.6477987421383647,0.9663359319631468,1.0,1.0,1.0,0.8883333333333334,0.2133333333333333,0.235,0.6833333333333333,0.885,0.4896666666666667,0.3,0.0033333333333333,0.4813,Medium,SUP013,0.813125,Critical,2.033737024221453,0.6859861591695502,0.9635485902189884,19,19,0.6140300000000001,High Priority,Increase safety stock and monitor supplier closely,0.6160724449163181,High Priority
P00061,Structure,C,192.94,82,SUP033,High,No,1.1036324786324787,2.017821043662897,1033,13,33.004273504273506,0.0,0,0.0235042735042735,29.90513068731849,6.60377358490566,0.981132075471698,0.9180790960451978,1.0,1.0,1.0,0.31,0.02,0.235,0.998,0.98,0.4896666666666667,0.3,0.0266666666666666,0.41375,Medium,SUP033,0.913125,Critical,6.088748019017433,0.9635499207606972,0.9441489361702128,11,15,0.6135,High Priority,Increase safety stock and monitor supplier closely,0.6153261987514365,High Priority
P00111,Cabin,A,7951.34,52,SUP039,Medium,No,1.4476495726495726,1.5613770245838174,1355,9,30.477564102564106,0.0,0,0.0299145299145299,21.053136531365315,2.3857142857142857,0.7571428571428571,0.9716157205240176,0.0,0.0,0.0,0.2616666666666666,0.0633333333333333,0.235,0.8406666666666667,0.8266666666666667,0.175,1.0,0.95,0.4609333333333333,Medium,SUP039,0.6406250000000001,High,2.179738562091503,0.7026143790849673,0.9568744662681468,5,5,0.6127315,High Priority,Increase safety stock and monitor supplier closely,0.6081144387311659,High Priority
P00003,Avionics,C,219.44,49,SUP040,Medium,Yes,3.797008547008547,3.722087796613919,3554,35,54.19871794871795,0.0,0,0.0908119658119658,14.27405740011255,1.66875,0.64375,0.9597572660491857,4.0,4.0,1.0,0.8966666666666666,0.3433333333333334,0.235,0.6426666666666667,0.7483333333333333,0.9506666666666668,0.3,0.0433333333333333,0.5368833333333333,High,SUP040,0.7256250000000001,High,1.8674897119341565,0.6625514403292181,0.9643892339544512,22,26,0.61238,High Priority,Increase safety stock and monitor supplier closely,0.614650769893775,High Priority
P00196,Electrical,B,2689.41,43,SUP038,Medium,No,1.627136752136752,1.8051828907286345,1523,12,23.786324786324787,0.0,0,0.0181623931623931,14.618516086671043,2.0259740259740258,0.7012987012987013,0.9485488126649076,1.0,1.0,1.0,0.3516666666666667,0.28,0.235,0.8053333333333333,0.5966666666666667,0.4896666666666667,0.6,0.75,0.4709333333333333,Medium,SUP038,0.7506250000000001,Critical,1.9441571871768355,0.6742502585315409,0.9647322859890992,15,26,0.6119505000000001,High Priority,Increase safety stock and monitor supplier closely,0.611017334403171,High Priority
P00267,Cabin,C,217.89,58,SUP009,Medium,No,5.698717948717949,5.6012831285462985,5334,69,95.6923076923077,0.0,0,0.0459401709401709,16.791901012373454,1.8186528497409329,0.7150259067357513,0.9704131336821216,3.0,3.0,1.0,0.98,0.1966666666666666,0.235,0.702,0.9016666666666666,0.889,0.3,0.0366666666666666,0.5377833333333334,High,SUP009,0.716875,High,1.927580893682589,0.6979969183359014,0.9672940976066776,11,16,0.6094200000000001,High Priority,Increase safety stock and monitor supplier closely,0.6102818742868623,High Priority
P00137,Fasteners,C,794.11,48,SUP038,Medium,No,3.5395299145299144,3.410041383719025,3313,32,50.19123931623932,0.0,0,0.0288461538461538,14.1801992152128,2.0392156862745097,0.6993464052287581,0.9710759737755496,1.0,1.0,1.0,0.8683333333333334,0.35,0.235,0.7386666666666668,0.72,0.4896666666666667,0.3,0.3533333333333333,0.5149333333333334,High,SUP038,0.7506250000000001,Critical,1.9441571871768355,0.6742502585315409,0.9647322859890992,15,26,0.60921,High Priority,Increase safety stock and monitor supplier closely,0.6108234582680301,High Priority
P00245,LandingGear,C,1245.35,39,SUP009,Medium,Yes,2.782051282051282,3.072308345282148,2604,32,34.22649572649573,0.0,0,0.0309829059829059,12.302611367127495,1.816,0.648,0.9659030367607884,3.0,5.0,1.6666666666666667,0.7583333333333333,0.4466666666666666,0.235,0.6433333333333333,0.49,0.9243333333333332,0.3,0.5466666666666666,0.5336,High,SUP009,0.716875,High,1.927580893682589,0.6979969183359014,0.9672940976066776,11,16,0.60691,High Priority,Increase safety stock and monitor supplier closely,0.6062270916036133,High Priority
P00100,Avionics,C,486.84,43,SUP040,Medium,No,3.6538461538461537,3.060153810025231,3420,28,45.7991452991453,0.0,0,0.0544871794871794,12.534502923976609,1.8383233532934131,0.6646706586826348,0.9619565217391304,2.0,3.0,1.5,0.835,0.42,0.235,0.6793333333333333,0.5966666666666667,0.795,0.3,0.22,0.5265666666666667,High,SUP040,0.7256250000000001,High,1.8674897119341565,0.6625514403292181,0.9643892339544512,22,26,0.6061900000000001,High Priority,Increase safety stock and monitor supplier closely,0.6071807629606976,High Priority
P00126,Electrical,B,2493.86,52,SUP026,Medium,No,1.4081196581196582,1.6253665289961712,1318,14,23.740384615384617,0.0,0,0.0245726495726495,16.859635811836114,2.3823529411764706,0.7205882352941176,0.9812734082397004,2.0,2.0,1.0,0.2683333333333333,0.1866666666666666,0.235,0.7573333333333334,0.8266666666666667,0.737,0.6,0.7366666666666667,0.4796333333333333,Medium,SUP026,0.72375,High,2.1588235294117646,0.7058823529411765,0.9669249669249668,10,10,0.606144,High Priority,Increase safety stock and monitor supplier closely,0.6065954101143618,High Priority
P00102,Electrical,C,1071.25,30,SUP016,Medium,No,1.0715811965811963,2.130050854211798,1003,21,7.844017094017094,0.0726495726495726,68,0.0064102564102564,7.320039880358923,1.7115384615384617,0.6730769230769231,0.9514285714285714,3.0,3.0,1.0,0.3316666666666666,0.8266666666666667,0.9166666666666666,0.6966666666666667,0.21,0.889,0.3,0.4633333333333333,0.62015,High,SUP016,0.584375,High,1.9948051948051948,0.6649350649350649,0.9642066420664208,6,12,0.6058399999999999,High Priority,Increase safety stock and monitor supplier closely,0.6078998471310273,High Priority
P00128,Fasteners,C,1102.45,45,SUP014,Medium,No,2.91025641025641,2.6298292046088103,2724,22,35.35042735042735,0.0,0,0.0769230769230769,12.146842878120411,2.0863309352517985,0.6762589928057554,0.9529113924050632,1.0,1.0,1.0,0.7033333333333334,0.4833333333333333,0.235,0.7826666666666666,0.6483333333333333,0.4896666666666667,0.3,0.4833333333333333,0.5227833333333334,High,SUP014,0.729375,High,2.0818505338078293,0.6915776986951364,0.9660980193725603,11,11,0.6054200000000001,High Priority,Increase safety stock and monitor supplier closely,0.6067498683517505,High Priority
P00085,Cabin,A,5707.21,46,SUP039,Medium,No,1.7638888888888888,1.892518183339894,1651,13,37.2991452991453,0.0,0,0.0074786324786324,21.145972138098124,2.130952380952381,0.6428571428571429,0.951856946354883,0.0,0.0,0.0,0.3866666666666666,0.06,0.235,0.7486666666666666,0.6766666666666666,0.175,1.0,0.92,0.4487166666666667,Medium,SUP039,0.6406250000000001,High,2.179738562091503,0.7026143790849673,0.9568744662681468,5,5,0.604302,High Priority,Increase safety stock and monitor supplier closely,0.5972852910747749,Monitor
P00186,Fasteners,C,964.22,46,SUP040,Medium,No,1.7425213675213675,3.2926668887369477,1631,30,25.082264957264957,0.001068376068376,1,0.0117521367521367,14.39423666462293,1.6265060240963856,0.6626506024096386,0.9634941329856584,2.0,2.0,1.0,0.6341666666666667,0.3166666666666666,0.4916666666666666,0.646,0.6766666666666666,0.737,0.3,0.4,0.520475,High,SUP040,0.7256250000000001,High,1.8674897119341565,0.6625514403292181,0.9643892339544512,22,26,0.602535,High Priority,Increase safety stock and monitor supplier closely,0.6042174826794662,High Priority
P00129,Hydraulics,C,346.14,86,SUP033,High,Yes,0.8258547008547008,1.703288519914972,773,21,24.682692307692307,0.0,0,0.0544871794871794,29.88745148771022,6.190476190476191,0.9761904761904762,0.961783439490446,1.0,1.0,1.0,0.195,0.0233333333333333,0.235,0.948,0.9866666666666668,0.4896666666666667,0.3,0.1233333333333333,0.3951666666666666,Medium,SUP033,0.913125,Critical,6.088748019017433,0.9635499207606972,0.9441489361702128,11,15,0.60235,High Priority,Increase safety stock and monitor supplier closely,0.6033959714194135,High Priority
P00239,Structure,C,273.1,50,SUP013,Medium,No,3.272435897435898,3.187463552674727,3063,22,48.19871794871795,0.0,0,0.0641025641025641,14.728697355533791,2.0482758620689654,0.7103448275862069,0.9575850210164312,0.0,0.0,0.0,0.8166666666666667,0.27,0.235,0.8053333333333335,0.7833333333333333,0.175,0.3,0.0666666666666666,0.4617166666666667,Medium,SUP013,0.813125,Critical,2.033737024221453,0.6859861591695502,0.9635485902189884,19,19,0.60228,High Priority,Increase safety stock and monitor supplier closely,0.6047268851366511,High Priority
P00092,Avionics,C,260.6,49,SUP025,Medium,Yes,1.8888888888888888,3.271730223774546,1768,29,26.51388888888889,0.0085470085470085,8,0.0202991452991453,14.036764705882351,2.6666666666666665,0.7777777777777778,0.9462719298245614,0.0,0.0,0.0,0.6616666666666666,0.38,0.6583333333333333,0.9573333333333334,0.7483333333333333,0.175,0.3,0.06,0.5429333333333334,High,SUP025,0.688125,High,2.0681399631675874,0.6906077348066298,0.9593229981510454,7,11,0.60101,High Priority,Increase safety stock and monitor supplier closely,0.6057534048289165,High Priority
P00290,LandingGear,C,1164.96,49,SUP002,Medium,Yes,1.405982905982906,2.7145333741325937,1316,29,21.074786324786324,0.001068376068376,1,0.0213675213675213,14.98936170212766,1.8529411764705883,0.6764705882352942,0.9664536741214056,1.0,1.0,1.0,0.5016666666666667,0.26,0.4916666666666666,0.6886666666666666,0.7483333333333333,0.4896666666666667,0.3,0.5066666666666667,0.4834333333333332,Medium,SUP002,0.77625,Critical,2.2450851900393185,0.7182175622542595,0.9678866739311582,10,14,0.60056,High Priority,Increase safety stock and monitor supplier closely,0.6019679582447583,High Priority
P00007,Fasteners,B,2665.22,46,SUP040,Medium,No,2.2895299145299144,2.335161914976697,2143,20,38.87286324786325,0.0,0,0.0758547008547008,16.978534764349046,1.9181818181818184,0.6363636363636364,0.960695389266818,1.0,1.0,1.0,0.5483333333333333,0.18,0.235,0.6766666666666667,0.6766666666666666,0.4896666666666667,0.6,0.7466666666666667,0.4689666666666666,Medium,SUP040,0.7256250000000001,High,1.8674897119341565,0.6625514403292181,0.9643892339544512,22,26,0.6002115000000001,High Priority,Increase safety stock and monitor supplier closely,0.6002081498060474,High Priority
P00191,LandingGear,C,1101.47,59,SUP002,Medium,No,2.6036324786324787,2.431950351654394,2437,19,43.41987179487179,0.0,0,0.0064102564102564,16.676651620845302,1.968,0.688,0.9528962444302992,1.0,1.0,1.0,0.6183333333333334,0.2066666666666666,0.235,0.7753333333333334,0.9083333333333332,0.4896666666666667,0.3,0.48,0.4794333333333334,Medium,SUP002,0.77625,Critical,2.2450851900393185,0.7182175622542595,0.9678866739311582,10,14,0.59816,Monitor,Monitor inventory and supplier performance,0.5981443990479824,Monitor
P00141,LandingGear,C,513.64,39,SUP040,Medium,No,2.5833333333333335,2.5699830416219855,2418,17,31.897435897435894,0.0032051282051282,3,0.032051282051282,12.347394540942927,2.0,0.7016129032258065,0.984660766961652,1.0,1.0,1.0,0.6558333333333333,0.43,0.565,0.658,0.49,0.4896666666666667,0.3,0.2466666666666666,0.5081249999999999,High,SUP040,0.7256250000000001,High,1.8674897119341565,0.6625514403292181,0.9643892339544512,22,26,0.595125,Monitor,Monitor inventory and supplier performance,0.5969132491261033,Monitor
P00286,Electrical,B,3853.73,38,SUP018,Medium,No,0.8621794871794872,1.6870761195009956,807,12,9.77777777777778,0.0138888888888888,13,0.0074786324786324,11.340768277571252,2.613636363636364,0.7272727272727273,0.9938650306748468,0.0,0.0,0.0,0.1983333333333333,0.5566666666666666,0.7016666666666667,0.7366666666666668,0.4516666666666666,0.175,0.6,0.8466666666666667,0.5218333333333334,High,SUP018,0.6318750000000001,High,1.8813838550247115,0.6771004942339374,0.9667196728759656,11,11,0.5941425,Monitor,Monitor inventory and supplier performance,0.5948480776799656,Monitor
P00103,Fasteners,C,1290.9,42,SUP018,Medium,No,3.431623931623931,3.2440194140843355,3212,23,41.81837606837607,0.0,0,0.0576923076923076,12.186176836861767,1.9602649006622517,0.6754966887417219,0.9597633136094674,3.0,3.0,1.0,0.8316666666666667,0.4666666666666667,0.235,0.7300000000000001,0.56,0.889,0.3,0.56,0.5657333333333334,High,SUP018,0.6318750000000001,High,1.8813838550247115,0.6771004942339374,0.9667196728759656,11,11,0.59219,Monitor,Monitor inventory and supplier performance,0.5915544154101464,Monitor
P00231,Cabin,C,628.39,74,SUP002,Medium,No,5.9989316239316235,6.202207553484175,5615,56,137.65918803418805,0.0,0,0.1559829059829059,22.947284060552096,2.135135135135135,0.7189189189189189,0.9678054015381864,0.0,0.0,0.0,0.9866666666666666,0.04,0.235,0.7920000000000001,0.9766666666666668,0.175,0.3,0.2833333333333333,0.4693833333333334,Medium,SUP002,0.77625,Critical,2.2450851900393185,0.7182175622542595,0.9678866739311582,10,14,0.59213,Monitor,Monitor inventory and supplier performance,0.5873727400154876,Monitor
P00082,Electrical,B,3141.79,28,SUP037,Low,No,2.139957264957265,2.370646158060691,2003,18,17.0,0.016025641025641,15,0.0074786324786324,7.944083874188717,0.3267326732673267,0.4356435643564356,0.9893917963224894,3.0,3.0,1.0,0.54,0.74,0.7166666666666667,0.2886666666666667,0.1683333333333333,0.889,0.6,0.81,0.5860333333333332,High,SUP037,0.530625,High,0.2885985748218527,0.4418052256532066,0.974380089669686,12,12,0.5920634999999999,Monitor,Monitor inventory and supplier performance,0.590350087618335,Monitor
P00090,Avionics,C,283.75,39,SUP039,Medium,Yes,1.4113247863247864,2.5510069223603526,1321,24,16.7232905982906,0.0277777777777777,26,0.0202991452991453,11.849356548069643,1.838235294117647,0.6617647058823529,0.9418386491557224,2.0,2.0,1.0,0.4633333333333333,0.53,0.7866666666666666,0.7106666666666666,0.49,0.737,0.3,0.0733333333333333,0.5564666666666667,High,SUP039,0.6406250000000001,High,2.179738562091503,0.7026143790849673,0.9568744662681468,5,5,0.59013,Monitor,Monitor inventory and supplier performance,0.5948344731394288,Monitor
P00151,Hydraulics,B,969.59,45,SUP025,Medium,Yes,1.875,2.1159882837842696,1755,22,27.362179487179485,0.0,0,0.0277777777777777,14.593162393162393,1.8426966292134832,0.6292134831460674,0.9646408839779006,2.0,2.0,1.0,0.4558333333333333,0.2866666666666666,0.235,0.6393333333333334,0.6483333333333333,0.737,0.6,0.4066666666666667,0.4757249999999999,Medium,SUP025,0.688125,High,2.0681399631675874,0.6906077348066298,0.9593229981510454,7,11,0.5887192499999999,Monitor,Monitor inventory and supplier performance,0.5866726866112413,Monitor
P00147,Hydraulics,B,434.55,60,SUP026,Medium,Yes,1.875,1.9365261913642091,1755,13,40.8974358974359,0.0,0,0.0331196581196581,21.811965811965813,1.8555555555555556,0.6777777777777778,0.9562433297758804,2.0,2.0,1.0,0.4158333333333333,0.0466666666666666,0.235,0.7306666666666667,0.915,0.737,0.6,0.1933333333333333,0.4514249999999999,Medium,SUP026,0.72375,High,2.1588235294117646,0.7058823529411765,0.9669249669249668,10,10,0.58837275,Monitor,Monitor inventory and supplier performance,0.5938358957083618,Monitor
P00036,Structure,B,855.05,34,SUP037,Low,No,2.681623931623931,2.457581074899613,2510,19,26.556623931623932,0.0192307692307692,18,0.0448717948717948,9.903187250996016,0.265625,0.4140625,0.974152785755313,3.0,3.0,1.0,0.64,0.6233333333333333,0.7366666666666667,0.3026666666666666,0.3333333333333333,0.889,0.6,0.3766666666666666,0.5776333333333333,High,SUP037,0.530625,High,0.2885985748218527,0.4418052256532066,0.974380089669686,12,12,0.5867715000000001,Monitor,Monitor inventory and supplier performance,0.5867020368817705,Monitor
P00194,Structure,C,368.34,39,SUP025,Medium,No,3.25,3.3276511283614987,3042,32,41.302350427350426,0.0,0,0.0267094017094017,12.708415516107824,1.8461538461538465,0.6643356643356644,0.9691089108910892,3.0,6.0,2.0,0.8316666666666667,0.4066666666666666,0.235,0.6540000000000001,0.49,0.931,0.3,0.15,0.5190333333333333,High,SUP025,0.688125,High,2.0681399631675874,0.6906077348066298,0.9593229981510454,7,11,0.58667,Monitor,Monitor inventory and supplier performance,0.5866968389168423,Monitor
P00040,Structure,C,166.51,61,SUP026,Medium,No,3.08974358974359,2.9600660381529056,2892,22,58.39636752136752,0.0,0,0.0673076923076923,18.900069156293224,2.2291666666666665,0.6805555555555556,0.963974663499604,2.0,2.0,1.0,0.7683333333333333,0.1333333333333333,0.235,0.78,0.9266666666666666,0.737,0.3,0.0066666666666666,0.4908666666666667,Medium,SUP026,0.72375,High,2.1588235294117646,0.7058823529411765,0.9669249669249668,10,10,0.58402,Monitor,Monitor inventory and supplier performance,0.5854834602745198,Monitor
P00065,Fasteners,C,1417.61,47,SUP038,Medium,No,1.454059829059829,2.634210263829317,1361,23,20.844017094017097,0.0,0,0.0202991452991453,14.335047759000735,1.8970588235294117,0.6911764705882353,0.9508196721311476,1.0,1.0,1.0,0.4983333333333333,0.3233333333333333,0.235,0.7666666666666667,0.7033333333333334,0.4896666666666667,0.3,0.6033333333333334,0.4691333333333334,Medium,SUP038,0.7506250000000001,Critical,1.9441571871768355,0.6742502585315409,0.9647322859890992,15,26,0.5817300000000001,Monitor,Monitor inventory and supplier performance,0.5821744784779355,Monitor
P00248,Avionics,C,260.05,39,SUP027,Medium,No,1.794871794871795,3.270777333994566,1680,30,21.806623931623932,0.0,0,0.0213675213675213,12.149404761904762,2.218390804597701,0.7241379310344828,0.987460815047022,0.0,0.0,0.0,0.6366666666666667,0.48,0.235,0.7060000000000001,0.49,0.175,0.3,0.0566666666666666,0.4319833333333334,Medium,SUP027,0.805,Critical,2.015255530129672,0.6842105263157895,0.9648606615947208,24,29,0.5811900000000001,Monitor,Monitor inventory and supplier performance,0.5821195690277818,Monitor
P00199,Cabin,C,1088.55,71,SUP026,Medium,No,5.467948717948718,4.40041787776702,5118,27,114.97970085470084,0.0,0,0.1207264957264957,21.027940601797575,2.3034825870646767,0.7313432835820896,0.965045889474712,0.0,0.0,0.0,0.95,0.0699999999999999,0.235,0.836,0.97,0.175,0.3,0.4733333333333333,0.4853166666666665,Medium,SUP026,0.72375,High,2.1588235294117646,0.7058823529411765,0.9669249669249668,10,10,0.5806899999999999,Monitor,Monitor inventory and supplier performance,0.5754651463056523,Monitor
P00030,Hydraulics,C,294.96,50,SUP023,Medium,Yes,2.108974358974359,2.315925939582396,1974,18,29.674145299145295,0.0,0,0.0213675213675213,14.070415400202632,2.3465346534653464,0.7524752475247525,0.9606234618539786,1.0,1.0,1.0,0.5216666666666666,0.3733333333333333,0.235,0.8773333333333333,0.7833333333333333,0.4896666666666667,0.3,0.0866666666666666,0.4814,Medium,SUP023,0.728125,High,2.367857142857143,0.7357142857142858,0.9627924817798236,7,7,0.58009,Monitor,Monitor inventory and supplier performance,0.5838593799830062,Monitor
P00031,Engine,C,472.16,59,SUP006,Medium,No,1.814102564102564,1.751287943522455,1698,12,29.88354700854701,0.0,0,0.0416666666666666,16.472909305064782,1.735632183908046,0.5977011494252874,0.9714285714285714,1.0,1.0,1.0,0.375,0.2199999999999999,0.235,0.5713333333333334,0.9083333333333332,0.4896666666666667,0.3,0.2066666666666666,0.4013333333333333,Medium,SUP006,0.8443750000000001,Critical,2.114051094890511,0.6861313868613139,0.9629342709016148,18,19,0.57855,Monitor,Monitor inventory and supplier performance,0.5788442125726123,Monitor
P00291,Hydraulics,B,1374.28,46,SUP014,Medium,Yes,1.5747863247863247,1.7077254338747274,1474,12,27.76816239316239,0.0,0,0.0331196581196581,17.632971506105832,1.9605263157894737,0.7236842105263158,0.972176759410802,1.0,1.0,1.0,0.3216666666666666,0.1533333333333333,0.235,0.7353333333333334,0.6766666666666666,0.4896666666666667,0.6,0.59,0.4306,Medium,SUP014,0.729375,High,2.0818505338078293,0.6915776986951364,0.9660980193725603,11,11,0.5776155000000001,Monitor,Monitor inventory and supplier performance,0.580305598480463,Monitor
P00033,Hydraulics,C,276.87,49,SUP024,Medium,No,2.168803418803418,2.3485867999791754,2030,18,30.802350427350422,0.0,0,0.0256410256410256,14.202463054187191,2.156862745098039,0.6764705882352942,0.9664153529814942,1.0,1.0,1.0,0.5349999999999999,0.3466666666666667,0.235,0.756,0.7483333333333333,0.4896666666666667,0.3,0.07,0.4555333333333333,Medium,SUP024,0.759375,Critical,2.035322777101096,0.6784409257003654,0.9651393188854488,16,16,0.57707,Monitor,Monitor inventory and supplier performance,0.5794826271942977,Monitor
P00202,Engine,C,323.4,69,SUP006,Medium,No,0.7147435897435898,1.4925255982582646,669,12,14.23397435897436,0.0,0,0.032051282051282,19.91479820627803,2.7222222222222223,0.8055555555555556,0.9640287769784172,1.0,1.0,1.0,0.1383333333333333,0.1066666666666666,0.235,0.922,0.9616666666666668,0.4896666666666667,0.3,0.11,0.3962666666666667,Medium,SUP006,0.8443750000000001,Critical,2.114051094890511,0.6861313868613139,0.9629342709016148,18,19,0.5755100000000001,Monitor,Monitor inventory and supplier performance,0.5767176658369915,Monitor
P00004,Electrical,A,12488.8,33,SUP034,Low,No,0.6976495726495726,1.0213940505412693,653,9,8.51602564102564,0.0096153846153846,9,0.0096153846153846,12.206738131699847,0.4166666666666667,0.5,1.0,2.0,2.0,1.0,0.0533333333333333,0.4599999999999999,0.6766666666666666,0.36,0.2933333333333333,0.737,1.0,0.9933333333333332,0.5082,High,SUP034,0.48875,Medium,0.3615916955017301,0.444636678200692,0.9793668294219562,10,13,0.575483,Monitor,Monitor inventory and supplier performance,0.5723334118201782,Monitor
P00210,Engine,B,1074.18,43,SUP027,Medium,No,0.6976495726495726,1.5661645746633075,653,18,9.560897435897436,0.0,0,0.0064102564102564,13.704441041347629,1.4444444444444444,0.5833333333333334,0.9743589743589745,0.0,0.0,0.0,0.1333333333333333,0.4,0.235,0.53,0.5966666666666667,0.175,0.6,0.4666666666666667,0.37525,Medium,SUP027,0.805,Critical,2.015255530129672,0.6842105263157895,0.9648606615947208,24,29,0.5745075000000001,Monitor,Monitor inventory and supplier performance,0.575375897628828,Monitor
P00027,Avionics,B,850.73,43,SUP016,Medium,No,3.1324786324786325,3.214201882716525,2932,23,45.33012820512821,0.0,0,0.0555555555555555,14.471009549795362,2.2384615384615385,0.7153846153846154,0.9741273100616016,1.0,1.0,1.0,0.8016666666666667,0.3066666666666666,0.235,0.7713333333333334,0.5966666666666667,0.4896666666666667,0.6,0.37,0.5196666666666666,High,SUP016,0.584375,High,1.9948051948051948,0.6649350649350649,0.9642066420664208,6,12,0.5728275,Monitor,Monitor inventory and supplier performance,0.5709818637509867,Monitor
P00292,Engine,C,334.17,49,SUP027,Medium,Yes,0.6891025641025641,1.3799670019126362,645,9,9.532051282051285,0.0032051282051282,3,0.0106837606837606,13.832558139534886,2.1142857142857143,0.7428571428571429,0.9838709677419356,0.0,0.0,0.0,0.105,0.3966666666666666,0.565,0.719,0.7483333333333333,0.175,0.3,0.1166666666666666,0.4158499999999999,Medium,SUP027,0.805,Critical,2.015255530129672,0.6842105263157895,0.9648606615947208,24,29,0.57151,Monitor,Monitor inventory and supplier performance,0.5772412151848313,Monitor
P00184,Avionics,B,423.99,44,SUP016,Medium,Yes,2.9284188034188032,3.0786836654837817,2741,32,42.17094017094017,0.0,0,0.0395299145299145,14.400583728566218,1.8582089552238803,0.6343283582089553,0.952112676056338,1.0,7.0,7.0,0.77,0.31,0.235,0.6846666666666668,0.6266666666666667,0.6896666666666667,0.6,0.1866666666666666,0.5164166666666666,High,SUP016,0.584375,High,1.9948051948051948,0.6649350649350649,0.9642066420664208,6,12,0.57078,Monitor,Monitor inventory and supplier performance,0.5695080896501197,Monitor
P00299,Fasteners,C,692.47,39,SUP003,Medium,No,3.155982905982906,3.0368902078387428,2954,33,38.85470085470085,0.0341880341880341,32,0.0459401709401709,12.31144211238998,2.047619047619047,0.6938775510204082,0.9665750915750916,2.0,2.0,1.0,0.7816666666666667,0.4433333333333333,0.82,0.758,0.49,0.737,0.3,0.3166666666666666,0.6111500000000001,High,SUP003,0.509375,High,1.914691943127962,0.669826224328594,0.9689265536723164,6,11,0.5704400000000001,Monitor,Monitor inventory and supplier performance,0.5728486721344053,Monitor
P00134,Hydraulics,C,368.12,30,SUP037,Low,No,2.216880341880342,2.2843277461819658,2075,20,13.962606837606838,0.0277777777777777,26,0.0128205128205128,6.298313253012048,0.7358490566037735,0.5188679245283019,0.97172034564022,3.0,3.0,1.0,0.5333333333333333,0.87,0.7866666666666666,0.518,0.21,0.889,0.3,0.1466666666666666,0.5969333333333333,High,SUP037,0.530625,High,0.2885985748218527,0.4418052256532066,0.974380089669686,12,12,0.57041,Monitor,Monitor inventory and supplier performance,0.5729235805219433,Monitor
P00113,Engine,A,4031.3,51,SUP015,Medium,Yes,0.469017094017094,0.7262102167085417,439,4,9.510683760683762,0.0,0,0.0042735042735042,20.277904328018224,2.1481481481481484,0.8148148148148148,0.9315068493150684,0.0,0.0,0.0,0.015,0.0899999999999999,0.235,0.9133333333333332,0.805,0.175,1.0,0.8566666666666667,0.4333333333333334,Medium,SUP015,0.586875,High,2.205811138014528,0.7021791767554479,0.9700226244343892,6,6,0.5689625,Monitor,Monitor inventory and supplier performance,0.5663877935104459,Monitor
P00275,Engine,C,1039.59,45,SUP014,Medium,Yes,1.623931623931624,1.6821249394433373,1520,12,19.604700854700855,0.0,0,0.0245726495726495,12.072368421052632,2.2911392405063293,0.6835443037974683,0.9709208400646204,1.0,1.0,1.0,0.3216666666666666,0.49,0.235,0.7613333333333333,0.6483333333333333,0.4896666666666667,0.3,0.4366666666666666,0.4613333333333333,Medium,SUP014,0.729375,High,2.0818505338078293,0.6915776986951364,0.9660980193725603,11,11,0.56855,Monitor,Monitor inventory and supplier performance,0.5694073667192413,Monitor
P00167,Avionics,C,364.28,56,SUP023,Medium,Yes,1.4957264957264955,2.837107607862513,1400,22,24.36645299145299,0.0,0,0.0395299145299145,16.290714285714287,1.8309859154929575,0.6619718309859155,0.9843260188087776,3.0,3.0,1.0,0.5433333333333333,0.2333333333333332,0.235,0.5606666666666668,0.885,0.889,0.3,0.14,0.4619166666666667,Medium,SUP023,0.728125,High,2.367857142857143,0.7357142857142858,0.9627924817798236,7,7,0.5684,Monitor,Monitor inventory and supplier performance,0.5681868368226894,Monitor
P00046,Avionics,C,174.12,51,SUP018,Medium,No,3.5961538461538463,3.2459511849414207,3366,28,53.832264957264954,0.0,0,0.0982905982905982,14.969399881164586,1.7852760736196318,0.6932515337423313,0.967412771560237,4.0,4.0,1.0,0.8516666666666667,0.2633333333333333,0.235,0.6933333333333334,0.805,0.9506666666666668,0.3,0.01,0.5257333333333333,High,SUP018,0.6318750000000001,High,1.8813838550247115,0.6771004942339374,0.9667196728759656,11,11,0.56819,Monitor,Monitor inventory and supplier performance,0.5688559392876158,Monitor
P00053,Engine,C,501.15,65,SUP006,Medium,No,0.7029914529914529,1.312804738824403,658,10,13.301282051282053,0.0,0,0.0256410256410256,18.9209726443769,2.5142857142857142,0.6571428571428571,0.957983193277311,1.0,1.0,1.0,0.1133333333333333,0.1266666666666667,0.235,0.802,0.95,0.4896666666666667,0.3,0.2366666666666666,0.3836833333333334,Medium,SUP006,0.8443750000000001,Critical,2.114051094890511,0.6861313868613139,0.9629342709016148,18,19,0.56796,Monitor,Monitor inventory and supplier performance,0.5686364959817465,Monitor
P00283,LandingGear,A,5930.81,18,SUP010,Low,Yes,0.6976495726495726,1.0349170464883242,653,7,4.394230769230769,0.0245726495726495,23,0.0053418803418803,6.298621745788668,0.1714285714285714,0.4285714285714285,0.9814814814814816,3.0,3.0,1.0,0.0583333333333333,0.8666666666666667,0.7683333333333333,0.2643333333333333,0.0216666666666666,0.889,1.0,0.9266666666666666,0.5743833333333334,High,SUP010,0.3712499999999999,Medium,0.3526881720430107,0.432258064516129,0.97919975796082,8,8,0.5670994999999999,Monitor,Monitor inventory and supplier performance,0.5586394050452352,Monitor
P00081,Electrical,B,3484.88,22,SUP037,Low,No,1.8034188034188037,1.9358230185570853,1688,15,10.001068376068377,0.0395299145299145,37,0.0021367521367521,5.545616113744076,0.2045454545454545,0.4318181818181818,0.9730094466936572,0.0,0.0,0.0,0.3983333333333333,0.9266666666666666,0.8483333333333334,0.3266666666666666,0.0533333333333333,0.175,0.6,0.8266666666666667,0.5455,High,SUP037,0.530625,High,0.2885985748218527,0.4418052256532066,0.974380089669686,12,12,0.5665275,Monitor,Monitor inventory and supplier performance,0.5688478562155508,Monitor
P00280,Cabin,B,1437.7,54,SUP003,Medium,No,4.8739316239316235,4.225353060161984,4562,33,96.76282051282053,0.0,0,0.141025641025641,19.853134590092065,1.7837837837837838,0.6810810810810811,0.9693265170037786,2.0,7.0,3.5,0.9333333333333332,0.1099999999999999,0.235,0.6659999999999999,0.8683333333333333,0.8436666666666668,0.6,0.61,0.55885,High,SUP003,0.509375,High,1.914691943127962,0.669826224328594,0.9689265536723164,6,11,0.566013,Monitor,Monitor inventory and supplier performance,0.5674389184636655,Monitor
P00136,LandingGear,B,3098.46,28,SUP034,Low,Yes,2.1944444444444446,2.0288325746994547,2054,15,16.946581196581196,0.017094017094017,16,0.0288461538461538,7.72249269717624,0.1037735849056603,0.4150943396226415,0.9825145711906744,2.0,4.0,2.0,0.4833333333333333,0.79,0.725,0.2046666666666667,0.1683333333333333,0.8196666666666668,0.6,0.8033333333333333,0.5689166666666667,High,SUP034,0.48875,Medium,0.3615916955017301,0.444636678200692,0.9793668294219562,10,13,0.5636925,Monitor,Monitor inventory and supplier performance,0.5636671411787159,Monitor
P00115,Cabin,B,2958.23,43,SUP008,Low,No,5.206196581196581,5.127174541652143,4873,39,63.94551282051282,0.0042735042735042,4,0.0512820512820512,12.282577467679047,0.3370786516853932,0.4606741573033708,0.9862736273627364,4.0,5.0,1.25,0.9583333333333331,0.4499999999999999,0.5883333333333334,0.3366666666666666,0.5966666666666667,0.9613333333333334,0.6,0.78,0.6273000000000001,High,SUP008,0.39625,Medium,0.1839863713798978,0.4395229982964225,0.975196488721037,9,10,0.561624,Monitor,Monitor inventory and supplier performance,0.5625611909762336,Monitor
P00125,Avionics,A,1490.01,47,SUP018,Medium,No,1.063034188034188,1.2864081665717302,995,8,22.17200854700855,0.0,0,0.0224358974358974,20.857286432160805,1.0196078431372548,0.5686274509803921,0.9965986394557824,1.0,1.0,1.0,0.1758333333333333,0.0766666666666666,0.235,0.4333333333333333,0.7033333333333334,0.4896666666666667,1.0,0.62,0.3922583333333334,Medium,SUP018,0.6318750000000001,High,1.8813838550247115,0.6771004942339374,0.9667196728759656,11,11,0.5613207499999999,Monitor,Monitor inventory and supplier performance,0.5577872880600987,Monitor
P00122,Fasteners,B,4852.65,24,SUP022,Low,No,2.628205128205128,2.4544220454373287,2460,17,14.786324786324789,0.0384615384615384,36,0.0224358974358974,5.626016260162602,0.373015873015873,0.4682539682539682,0.981797497155859,3.0,4.0,1.3333333333333333,0.6283333333333334,0.9133333333333332,0.8383333333333334,0.38,0.0883333333333333,0.9136666666666666,0.6,0.9,0.6648666666666668,High,SUP022,0.333125,Medium,0.2547945205479452,0.4493150684931506,0.9765289571605764,6,7,0.5587785000000002,Monitor,Monitor inventory and supplier performance,0.5614255536773197,Monitor
P00230,Avionics,C,315.21,53,SUP040,Medium,No,1.5544871794871795,2.6819302558347156,1455,19,25.65918803418803,0.0,0,0.0224358974358974,16.50652920962199,1.586666666666667,0.5733333333333334,0.9519867549668874,2.0,2.0,1.0,0.5316666666666666,0.2166666666666666,0.235,0.6173333333333334,0.8516666666666667,0.737,0.3,0.1033333333333333,0.4449666666666666,Medium,SUP040,0.7256250000000001,High,1.8674897119341565,0.6625514403292181,0.9643892339544512,22,26,0.55723,Monitor,Monitor inventory and supplier performance,0.5592255511640105,Monitor
P00095,Engine,C,544.85,56,SUP013,Medium,Yes,1.8664529914529917,2.128067241894186,1747,13,30.575854700854705,0.0,0,0.0181623931623931,16.38179736691471,1.6629213483146068,0.6179775280898876,0.9697525206232814,0.0,0.0,0.0,0.4566666666666666,0.2266666666666666,0.235,0.5793333333333334,0.885,0.175,0.3,0.2666666666666666,0.3853166666666666,Medium,SUP013,0.813125,Critical,2.033737024221453,0.6859861591695502,0.9635485902189884,19,19,0.55644,Monitor,Monitor inventory and supplier performance,0.5573369499420165,Monitor
P00132,Fasteners,C,949.75,31,SUP037,Low,No,2.9326923076923075,2.5644128942878845,2745,21,18.33974358974359,0.0331196581196581,31,0.017094017094017,6.253551912568307,0.2411347517730496,0.4326241134751773,0.9804878048780488,1.0,1.0,1.0,0.6916666666666667,0.8833333333333333,0.815,0.2993333333333334,0.2316666666666666,0.4896666666666667,0.3,0.3933333333333333,0.5693666666666666,High,SUP037,0.530625,High,0.2885985748218527,0.4418052256532066,0.974380089669686,12,12,0.55387,Monitor,Monitor inventory and supplier performance,0.5553630367017706,Monitor
P00069,Avionics,A,2074.07,35,SUP037,Low,Yes,1.3472222222222223,1.6643968501017532,1261,13,16.846153846153847,0.0,0,0.0074786324786324,12.50436161776368,0.15625,0.421875,0.9759036144578314,2.0,2.0,1.0,0.265,0.4266666666666666,0.235,0.2733333333333333,0.3616666666666667,0.737,1.0,0.6933333333333334,0.4458666666666667,Medium,SUP037,0.530625,High,0.2885985748218527,0.4418052256532066,0.974380089669686,12,12,0.5517355,Monitor,Monitor inventory and supplier performance,0.5383981516265709,Monitor
P00034,Fasteners,C,684.58,57,SUP021,Medium,No,1.3707264957264955,2.4919888554318796,1283,20,22.478632478632477,0.0,0,0.0138888888888888,16.399064692127823,2.4615384615384617,0.7692307692307693,0.957345971563981,0.0,0.0,0.0,0.4399999999999999,0.2233333333333333,0.235,0.9173333333333334,0.8966666666666666,0.175,0.3,0.3066666666666666,0.4360166666666666,Medium,SUP021,0.7250000000000001,High,2.078393881453155,0.7017208413001912,0.9535977761146156,8,10,0.5516099999999999,Monitor,Monitor inventory and supplier performance,0.5524613529861475,Monitor
P00008,Avionics,C,289.66,50,SUP018,Medium,Yes,3.4743589743589745,3.449774791593044,3252,39,49.052350427350426,0.0,0,0.0299145299145299,14.118388683886838,1.8410596026490067,0.6622516556291391,0.9665995975855132,1.0,1.0,1.0,0.8641666666666666,0.3633333333333333,0.235,0.6586666666666667,0.7833333333333333,0.4896666666666667,0.3,0.08,0.4976416666666666,Medium,SUP018,0.6318750000000001,High,1.8813838550247115,0.6771004942339374,0.9667196728759656,11,11,0.5513349999999999,Monitor,Monitor inventory and supplier performance,0.5520093939703851,Monitor
P00273,Fasteners,C,1911.63,31,SUP037,Low,No,3.4882478632478633,3.3309231311069047,3265,26,22.228632478632477,0.017094017094017,16,0.0331196581196581,6.372434915773353,0.1133333333333333,0.44,0.966284558327714,0.0,0.0,0.0,0.8583333333333334,0.8533333333333333,0.725,0.3466666666666667,0.2316666666666666,0.175,0.3,0.67,0.5643333333333334,High,SUP037,0.530625,High,0.2885985748218527,0.4418052256532066,0.974380089669686,12,12,0.5508500000000001,Monitor,Monitor inventory and supplier performance,0.5512883877168444,Monitor
P00216,Avionics,C,306.86,29,SUP008,Low,No,3.605769230769231,3.5452052196399584,3375,32,22.474358974358974,0.063034188034188,59,0.0192307692307692,6.232888888888889,0.1776315789473684,0.4473684210526316,0.9554828150572832,3.0,3.0,1.0,0.88,0.8933333333333333,0.8933333333333333,0.4093333333333333,0.1916666666666666,0.889,0.3,0.1,0.6491333333333333,High,SUP008,0.39625,Medium,0.1839863713798978,0.4395229982964225,0.975196488721037,9,10,0.54798,Monitor,Monitor inventory and supplier performance,0.552133976563123,Monitor
P00159,Structure,C,374.56,38,SUP015,Medium,No,2.7617521367521367,2.6720719847038708,2585,21,27.98931623931624,0.0032051282051282,3,0.0267094017094017,10.134622823984524,2.2803030303030303,0.7196969696969697,0.9770491803278688,0.0,0.0,0.0,0.7066666666666667,0.5800000000000001,0.565,0.7626666666666668,0.4516666666666666,0.175,0.3,0.16,0.5218166666666667,High,SUP015,0.586875,High,2.205811138014528,0.7021791767554479,0.9700226244343892,6,6,0.5478400000000001,Monitor,Monitor inventory and supplier performance,0.5478121391590204,Monitor
P00247,Electrical,A,9723.56,38,SUP015,Medium,No,0.7029914529914529,1.0066259754607587,658,11,10.096153846153848,0.001068376068376,1,0.0181623931623931,14.361702127659576,0.8235294117647058,0.4117647058823529,0.9921259842519684,0.0,0.0,0.0,0.0583333333333333,0.3199999999999999,0.4916666666666666,0.2953333333333333,0.4516666666666666,0.175,1.0,0.9666666666666668,0.4017999999999999,Medium,SUP015,0.586875,High,2.205811138014528,0.7021791767554479,0.9700226244343892,6,6,0.5472044999999999,Monitor,Monitor inventory and supplier performance,0.5435503451389357,Monitor
P00214,Fasteners,C,933.94,37,SUP034,Low,No,1.8878205128205128,3.0892639958733037,1767,21,15.060897435897436,0.0352564102564102,33,0.017094017094017,7.977928692699491,0.9347826086956522,0.5,0.9846153846153848,1.0,2.0,2.0,0.6383333333333333,0.7333333333333334,0.825,0.45,0.4216666666666667,0.583,0.3,0.39,0.5836333333333333,High,SUP034,0.48875,Medium,0.3615916955017301,0.444636678200692,0.9793668294219562,10,13,0.5456799999999999,Monitor,Monitor inventory and supplier performance,0.5448421010850236,Monitor
P00152,Electrical,B,2142.57,52,SUP026,Medium,No,0.6666666666666666,1.4172353896698393,624,11,11.114316239316238,0.0,0,0.0149572649572649,16.671474358974358,1.5757575757575757,0.6060606060606061,0.9586776859504132,0.0,0.0,0.0,0.1083333333333333,0.2099999999999999,0.235,0.6060000000000001,0.8266666666666667,0.175,0.6,0.7,0.3795666666666666,Medium,SUP026,0.72375,High,2.1588235294117646,0.7058823529411765,0.9669249669249668,10,10,0.543102,Monitor,Monitor inventory and supplier performance,0.5458444563349711,Monitor
P00278,Fasteners,B,5445.91,22,SUP022,Low,No,2.6185897435897436,2.3837319723495853,2451,21,14.59508547008547,0.0651709401709401,61,0.0245726495726495,5.573643410852713,0.2936507936507936,0.4603174603174603,0.9763593380614656,1.0,1.0,1.0,0.615,0.9166666666666666,0.9,0.378,0.0533333333333333,0.4896666666666667,0.6,0.9133333333333332,0.62725,High,SUP022,0.333125,Medium,0.2547945205479452,0.4493150684931506,0.9765289571605764,6,7,0.53508,Monitor,Monitor inventory and supplier performance,0.540192710944711,Monitor
P00157,LandingGear,B,2503.54,24,SUP019,Low,Yes,1.9893162393162391,2.063664038692252,1862,17,11.07051282051282,0.0747863247863247,70,0.0245726495726495,5.56498388829216,0.2421052631578947,0.4421052631578947,0.9878453038674032,2.0,2.0,1.0,0.4649999999999999,0.92,0.92,0.278,0.0883333333333333,0.737,0.6,0.74,0.6129833333333335,High,SUP019,0.34875,Medium,0.2214182344428364,0.4370477568740955,0.9797475013150974,9,10,0.5326545000000001,Monitor,Monitor inventory and supplier performance,0.5339760050253486,Monitor
P00209,Avionics,C,213.49,52,SUP009,Medium,No,1.6944444444444444,3.0381902703476973,1586,32,24.817307692307693,0.0,0,0.0181623931623931,14.64627994955864,1.5975609756097562,0.6829268292682927,0.968513853904282,0.0,0.0,0.0,0.585,0.2733333333333333,0.235,0.6540000000000001,0.8266666666666667,0.175,0.3,0.0333333333333333,0.4076,Medium,SUP009,0.716875,High,1.927580893682589,0.6979969183359014,0.9672940976066776,11,16,0.53131,Monitor,Monitor inventory and supplier performance,0.5308792297134288,Monitor
P00062,Electrical,A,9803.25,24,SUP008,Low,No,0.3173076923076923,0.6943312216306704,297,4,1.985042735042735,0.0395299145299145,37,0.0021367521367521,6.255892255892256,-0.2083333333333333,0.375,0.9736842105263158,0.0,0.0,0.0,0.0066666666666666,0.88,0.8483333333333334,0.1546666666666666,0.0883333333333333,0.175,1.0,0.97,0.5022833333333334,High,SUP008,0.39625,Medium,0.1839863713798978,0.4395229982964225,0.975196488721037,9,10,0.5288505,Monitor,Monitor inventory and supplier performance,0.5259620337002211,Monitor
P00232,Engine,C,669.91,69,SUP021,Medium,No,0.7777777777777778,1.4675738565269083,728,10,15.873931623931623,0.0021367521367521,2,0.0202991452991453,20.409340659340657,2.3783783783783785,0.7567567567567568,0.979591836734694,0.0,0.0,0.0,0.1483333333333333,0.0866666666666666,0.5316666666666666,0.797,0.9616666666666668,0.175,0.3,0.3,0.39755,Medium,SUP021,0.7250000000000001,High,2.078393881453155,0.7017208413001912,0.9535977761146156,8,10,0.52853,Monitor,Monitor inventory and supplier performance,0.529437973973131,Monitor
P00282,Electrical,B,2754.0,32,SUP003,Medium,No,0.8301282051282052,1.602801819747357,777,13,8.76923076923077,0.0235042735042735,22,0.0117521367521367,10.563706563706564,1.829268292682927,0.6341463414634146,0.9324324324324323,0.0,0.0,0.0,0.1758333333333333,0.5700000000000001,0.76,0.6853333333333333,0.2566666666666666,0.175,0.6,0.7533333333333333,0.4980083333333334,Medium,SUP003,0.509375,High,1.914691943127962,0.669826224328594,0.9689265536723164,6,11,0.5276827500000001,Monitor,Monitor inventory and supplier performance,0.5270886228732021,Monitor
P00259,Fasteners,C,1613.66,50,SUP016,Medium,No,1.4252136752136753,2.3837159139822326,1334,17,20.849358974358974,0.0032051282051282,3,0.0438034188034188,14.628935532233882,2.0144927536231885,0.6231884057971014,0.9762376237623762,1.0,1.0,1.0,0.425,0.2766666666666666,0.565,0.616,0.7833333333333333,0.4896666666666667,0.3,0.6333333333333333,0.4851999999999999,Medium,SUP016,0.584375,High,1.9948051948051948,0.6649350649350649,0.9642066420664208,6,12,0.52487,Monitor,Monitor inventory and supplier performance,0.523040402587203,Monitor
P00221,Electrical,C,1860.27,24,SUP010,Low,No,2.5598290598290596,2.63393111637879,2396,20,11.537393162393162,0.1164529914529914,109,0.0106837606837606,4.507095158597663,0.4508196721311475,0.4180327868852459,0.9785310734463276,2.0,2.0,1.0,0.665,0.9466666666666668,0.9433333333333334,0.334,0.0883333333333333,0.737,0.3,0.6633333333333333,0.6263833333333334,High,SUP010,0.3712499999999999,Medium,0.3526881720430107,0.432258064516129,0.97919975796082,8,8,0.5243300000000001,Monitor,Monitor inventory and supplier performance,0.5237085905039603,Monitor
P00169,Structure,B,814.51,42,SUP015,Medium,No,1.9326923076923077,1.9953849468142355,1809,14,27.58760683760684,0.0,0,0.0502136752136752,14.274184632393588,2.4361702127659575,0.6914893617021277,0.9707207207207208,0.0,0.0,0.0,0.4449999999999999,0.3399999999999999,0.235,0.7953333333333332,0.56,0.175,0.6,0.3633333333333333,0.4409666666666666,Medium,SUP015,0.586875,High,2.205811138014528,0.7021791767554479,0.9700226244343892,6,6,0.5242965,Monitor,Monitor inventory and supplier performance,0.5247415450469051,Monitor
P00172,Engine,C,522.73,53,SUP014,Medium,No,0.6463675213675214,1.371968276387832,605,13,10.576923076923077,0.0,0,0.0074786324786324,16.363636363636363,2.4545454545454546,0.6363636363636364,0.9611650485436892,1.0,1.0,1.0,0.0966666666666666,0.2299999999999999,0.235,0.7633333333333334,0.8516666666666667,0.4896666666666667,0.3,0.2533333333333333,0.3870499999999999,Medium,SUP014,0.729375,High,2.0818505338078293,0.6915776986951364,0.9660980193725603,11,11,0.5239799999999999,Monitor,Monitor inventory and supplier performance,0.5261539418433905,Monitor
P00112,Hydraulics,C,226.73,51,SUP025,Medium,Yes,2.0662393162393164,2.4686035287665526,1934,28,29.98397435897436,0.0,0,0.0673076923076923,14.51137538779731,1.9381443298969072,0.6804123711340206,0.9707602339181286,0.0,0.0,0.0,0.56,0.2966666666666666,0.235,0.6966666666666667,0.805,0.175,0.3,0.0466666666666666,0.4134166666666667,Medium,SUP025,0.688125,High,2.0681399631675874,0.6906077348066298,0.9593229981510454,7,11,0.5233,Monitor,Monitor inventory and supplier performance,0.5232350079296787,Monitor
P00258,LandingGear,B,3032.38,19,SUP017,Low,Yes,1.9273504273504272,1.81115374610843,1804,12,10.408119658119658,0.0523504273504273,49,0.0192307692307692,5.400221729490021,-0.3333333333333333,0.3548387096774194,0.9769484083424808,2.0,2.0,1.0,0.4066666666666667,0.93,0.8733333333333333,0.112,0.03,0.737,0.6,0.7966666666666666,0.5713333333333332,High,SUP017,0.38375,Medium,0.1263399693721286,0.4127105666156202,0.976163610719323,11,14,0.521115,Monitor,Monitor inventory and supplier performance,0.5245352795903009,Monitor
P00255,Fasteners,C,1147.41,33,SUP037,Low,No,1.356837606837607,2.288500954683997,1270,18,10.4241452991453,0.0555555555555555,52,0.0117521367521367,7.682677165354331,0.296875,0.4375,0.9645232815964524,0.0,0.0,0.0,0.3883333333333333,0.7966666666666666,0.8766666666666667,0.4093333333333333,0.2933333333333333,0.175,0.3,0.4966666666666666,0.51215,High,SUP037,0.530625,High,0.2885985748218527,0.4418052256532066,0.974380089669686,12,12,0.51954,Monitor,Monitor inventory and supplier performance,0.5204599970150247,Monitor
P00097,Hydraulics,B,701.96,43,SUP003,Medium,No,1.6036324786324787,1.732960636133395,1501,12,22.471153846153847,0.0,0,0.0202991452991453,14.0126582278481,2.076923076923077,0.717948717948718,0.977645305514158,2.0,2.0,1.0,0.3375,0.39,0.235,0.728,0.5966666666666667,0.737,0.6,0.33,0.4829416666666667,Medium,SUP003,0.509375,High,1.914691943127962,0.669826224328594,0.9689265536723164,6,11,0.51819075,Monitor,Monitor inventory and supplier performance,0.5202578941139905,Monitor
P00021,Hydraulics,C,415.37,49,SUP015,Medium,Yes,0.9337606837606838,1.7249019695908994,874,12,12.97008547008547,0.001068376068376,1,0.0128205128205128,13.890160183066362,1.6,0.6222222222222222,0.9163179916317992,2.0,2.0,1.0,0.2283333333333333,0.3933333333333333,0.4916666666666666,0.652,0.7483333333333333,0.737,0.3,0.1833333333333333,0.4721666666666666,Medium,SUP015,0.586875,High,2.205811138014528,0.7021791767554479,0.9700226244343892,6,6,0.5180499999999999,Monitor,Monitor inventory and supplier performance,0.5193320415727215,Monitor
P00038,Fasteners,C,1144.08,24,SUP017,Low,No,3.128205128205128,2.677818448158851,2928,20,13.981837606837606,0.1121794871794871,105,0.017094017094017,4.469603825136612,0.3904109589041096,0.4315068493150685,0.9802224969097652,1.0,1.0,1.0,0.74,0.9533333333333334,0.9366666666666666,0.3453333333333334,0.0883333333333333,0.4896666666666667,0.3,0.4933333333333333,0.6064333333333334,High,SUP017,0.38375,Medium,0.1263399693721286,0.4127105666156202,0.976163610719323,11,14,0.51736,Monitor,Monitor inventory and supplier performance,0.5183226690955143,Monitor
P00233,Cabin,A,10397.09,61,SUP005,Medium,No,1.7083333333333333,1.6336616134866102,1599,10,46.27136752136752,0.0,0,0.0544871794871794,27.085678549093185,1.7317073170731707,0.6097560975609756,0.9613601236476044,0.0,0.0,0.0,0.32,0.03,0.235,0.6160000000000001,0.9266666666666666,0.175,1.0,0.98,0.4408166666666667,Medium,SUP005,0.46125,Medium,1.9311926605504588,0.6628440366972477,0.9509496973491964,1,1,0.5163384999999999,Monitor,Monitor inventory and supplier performance,0.5316481736932103,Monitor
P00014,Hydraulics,C,188.1,46,SUP040,Medium,Yes,2.052350427350427,1.9683144690983312,1921,19,29.38247863247863,0.0,0,0.0331196581196581,14.316501821967726,1.6363636363636365,0.6565656565656566,0.9711620016963528,0.0,0.0,0.0,0.4516666666666666,0.3299999999999999,0.235,0.6026666666666667,0.6766666666666666,0.175,0.3,0.02,0.3755666666666666,Medium,SUP040,0.7256250000000001,High,1.8674897119341565,0.6625514403292181,0.9643892339544512,22,26,0.51559,Monitor,Monitor inventory and supplier performance,0.5169024753709808,Monitor
P00243,LandingGear,A,18478.0,20,SUP008,Low,Yes,0.9561965811965812,1.199466931433823,895,9,6.581196581196581,0.0224358974358974,21,0.0128205128205128,6.882681564245809,-0.217391304347826,0.3695652173913043,0.9882352941176472,0.0,0.0,0.0,0.14,0.83,0.7533333333333333,0.068,0.0366666666666666,0.175,1.0,1.0,0.4813666666666666,Medium,SUP008,0.39625,Medium,0.1839863713798978,0.4395229982964225,0.975196488721037,9,10,0.5144179999999999,Monitor,Monitor inventory and supplier performance,0.523249396317654,Monitor
P00015,Engine,A,3003.43,36,SUP019,Low,No,0.4465811965811966,0.685471116987137,418,4,5.326923076923077,0.001068376068376,1,0.0064102564102564,11.928229665071768,1.6153846153846154,0.7307692307692307,0.9672131147540984,1.0,1.0,1.0,0.0083333333333333,0.5133333333333333,0.4916666666666666,0.7060000000000001,0.3916666666666666,0.4896666666666667,1.0,0.7866666666666666,0.5110333333333333,High,SUP019,0.34875,Medium,0.2214182344428364,0.4370477568740955,0.9797475013150974,9,10,0.513038,Monitor,Monitor inventory and supplier performance,0.5072505770830087,Monitor
P00049,Fasteners,A,10717.62,45,SUP034,Low,No,0.9946581196581196,1.2240780839963188,931,9,14.933760683760685,0.0053418803418803,5,0.0149572649572649,15.013963480128892,-0.2978723404255319,0.2978723404255319,0.9686274509803922,0.0,0.0,0.0,0.1516666666666666,0.2566666666666667,0.605,0.1413333333333333,0.6483333333333333,0.175,1.0,0.9833333333333332,0.4175333333333334,Medium,SUP034,0.48875,Medium,0.3615916955017301,0.444636678200692,0.9793668294219562,10,13,0.512923,Monitor,Monitor inventory and supplier performance,0.5147347366863899,Monitor
P00025,Structure,C,449.8,37,SUP030,Low,No,3.9626068376068377,4.333144396729129,3709,45,31.311965811965813,0.0096153846153846,9,0.0341880341880341,7.901860339714209,0.3815789473684211,0.4342105263157895,0.9871175523349436,2.0,2.0,1.0,0.92,0.75,0.6766666666666666,0.3126666666666667,0.4216666666666667,0.737,0.3,0.2,0.5922666666666667,High,SUP030,0.38625,Medium,0.2049530315969257,0.4210076857386849,0.981411736119548,13,14,0.50986,Monitor,Monitor inventory and supplier performance,0.5097554586922409,Monitor
P00068,LandingGear,C,1081.77,24,SUP010,Low,Yes,2.8547008547008548,2.949166349395315,2672,21,12.91880341880342,0.1495726495726495,140,0.0096153846153846,4.525449101796407,0.648854961832061,0.4809160305343511,0.9744578313253012,0.0,0.0,0.0,0.7466666666666666,0.9433333333333334,0.9733333333333334,0.4786666666666666,0.0883333333333333,0.175,0.3,0.47,0.5982999999999999,High,SUP010,0.3712499999999999,Medium,0.3526881720430107,0.432258064516129,0.97919975796082,8,8,0.5074799999999999,Monitor,Monitor inventory and supplier performance,0.5085990852677432,Monitor
P00039,LandingGear,C,1599.03,27,SUP008,Low,Yes,2.5373931623931623,2.5455615644515635,2375,22,15.971153846153848,0.0619658119658119,58,0.0213675213675213,6.294315789473685,0.2601626016260163,0.4471544715447154,0.975974025974026,1.0,1.0,1.0,0.6366666666666667,0.8733333333333333,0.89,0.352,0.145,0.4896666666666667,0.3,0.6266666666666667,0.5812666666666667,High,SUP008,0.39625,Medium,0.1839863713798978,0.4395229982964225,0.975196488721037,9,10,0.50726,Monitor,Monitor inventory and supplier performance,0.5073930360361089,Monitor
P00176,Fasteners,C,600.69,44,SUP034,Low,No,3.6495726495726495,3.3912532709394565,3416,32,37.138888888888886,0.0,0,0.0705128205128205,10.17622950819672,0.220125786163522,0.4528301886792453,0.9705454545454546,2.0,2.0,1.0,0.875,0.5766666666666667,0.235,0.372,0.6266666666666667,0.737,0.3,0.2766666666666666,0.5178333333333334,High,SUP034,0.48875,Medium,0.3615916955017301,0.444636678200692,0.9793668294219562,10,13,0.5062,Monitor,Monitor inventory and supplier performance,0.5045017763666467,Monitor
P00188,Fasteners,B,3409.48,38,SUP008,Low,No,1.3173076923076923,2.3209714947744895,1233,18,12.666666666666666,0.0395299145299145,37,0.0128205128205128,9.615571776155717,0.0625,0.421875,0.989247311827957,1.0,1.0,1.0,0.39,0.6566666666666667,0.8483333333333334,0.1793333333333333,0.4516666666666666,0.4896666666666667,0.6,0.82,0.5391166666666667,High,SUP008,0.39625,Medium,0.1839863713798978,0.4395229982964225,0.975196488721037,9,10,0.5060685,Monitor,Monitor inventory and supplier performance,0.5075883898429877,Monitor
P00193,Electrical,B,1404.96,23,SUP017,Low,No,1.915598290598291,1.9475288784956728,1793,11,10.66025641025641,0.0384615384615384,36,0.0085470085470085,5.564974902398215,0.3655913978494624,0.4516129032258064,0.978622327790974,0.0,0.0,0.0,0.43,0.9233333333333332,0.8383333333333334,0.3693333333333333,0.0683333333333333,0.175,0.6,0.6,0.5446500000000001,High,SUP017,0.38375,Medium,0.1263399693721286,0.4127105666156202,0.976163610719323,11,14,0.5043045,Monitor,Monitor inventory and supplier performance,0.5063883132490034,Monitor
P00195,LandingGear,A,8850.56,35,SUP036,Low,Yes,0.9123931623931624,1.3117389524911611,854,13,11.157051282051285,0.0042735042735042,4,0.0074786324786324,12.228337236533958,-0.2222222222222222,0.3111111111111111,0.9832635983263598,1.0,1.0,1.0,0.155,0.4566666666666666,0.5883333333333334,0.07,0.3616666666666667,0.4896666666666667,1.0,0.9566666666666668,0.4463000000000001,Medium,SUP036,0.42625,Medium,0.2988095238095238,0.4214285714285714,0.9757926588606762,7,18,0.504022,Monitor,Monitor inventory and supplier performance,0.5022835748213187,Monitor
P00148,Fasteners,A,12062.12,27,SUP019,Low,No,0.9636752136752136,1.260152336629712,902,9,9.539529914529917,0.0096153846153846,9,0.0117521367521367,9.89911308203991,0.0,0.4347826086956521,0.981981981981982,1.0,1.0,1.0,0.1516666666666666,0.6266666666666667,0.6766666666666666,0.2246666666666667,0.145,0.4896666666666667,1.0,0.99,0.4962499999999999,Medium,SUP019,0.34875,Medium,0.2214182344428364,0.4370477568740955,0.9797475013150974,9,10,0.5028374999999999,Monitor,Monitor inventory and supplier performance,0.5052944500781563,Monitor
P00110,Fasteners,A,12558.79,39,SUP036,Low,No,1.0064102564102564,1.3867059951810854,942,13,15.425213675213676,0.0,0,0.0213675213675213,15.32696390658174,0.1020408163265306,0.4081632653061224,0.9526813880126184,2.0,4.0,2.0,0.1833333333333333,0.25,0.235,0.312,0.49,0.8196666666666668,1.0,0.9966666666666668,0.4403500000000001,Medium,SUP036,0.42625,Medium,0.2988095238095238,0.4214285714285714,0.9757926588606762,7,18,0.4999165,Monitor,Monitor inventory and supplier performance,0.5038474123020402,Monitor
P00130,Structure,B,1056.28,24,SUP010,Low,No,1.280982905982906,2.3671326764101885,1199,25,6.861111111111111,0.1431623931623931,134,0.0042735042735042,5.356130108423686,0.2786885245901639,0.4590163934426229,0.992079207920792,0.0,0.0,0.0,0.3983333333333333,0.9333333333333332,0.97,0.2966666666666667,0.0883333333333333,0.175,0.6,0.4466666666666666,0.5450833333333334,High,SUP010,0.3712499999999999,Medium,0.3526881720430107,0.432258064516129,0.97919975796082,8,8,0.4993275,Monitor,Monitor inventory and supplier performance,0.5014873373614162,Monitor
P00121,Avionics,C,296.35,26,SUP035,Low,Yes,4.210470085470085,4.001542134968432,3941,30,26.58653846153846,0.0352564102564102,33,0.016025641025641,6.314387211367674,0.2352941176470588,0.4294117647058823,0.9728506787330315,2.0,14.0,7.0,0.9133333333333332,0.8633333333333333,0.825,0.3286666666666666,0.13,0.8503333333333334,0.3,0.0933333333333333,0.6154166666666667,High,SUP035,0.323125,Medium,0.2589413447782546,0.4377682403433476,0.9805861841485252,3,15,0.4985,Monitor,Monitor inventory and supplier performance,0.5015662073463095,Monitor
P00055,Structure,A,4354.59,34,SUP030,Low,No,0.7403846153846154,1.0505478385126978,693,8,9.006410256410257,0.0021367521367521,2,0.0224358974358974,12.164502164502164,0.8333333333333334,0.5277777777777778,0.9682539682539684,0.0,0.0,0.0,0.0816666666666666,0.4733333333333334,0.5316666666666666,0.5473333333333334,0.3333333333333333,0.175,1.0,0.8866666666666667,0.4639333333333333,Medium,SUP030,0.38625,Medium,0.2049530315969257,0.4210076857386849,0.981411736119548,13,14,0.497789,Monitor,Monitor inventory and supplier performance,0.49472657418195864,Monitor
P00096,Engine,C,484.29,72,SUP026,Medium,Yes,0.8055555555555556,1.5031557218674994,754,12,16.58653846153846,0.0,0,0.016025641025641,20.59018567639257,1.7,0.675,0.9832402234636872,1.0,1.0,1.0,0.155,0.0799999999999999,0.235,0.568,0.9733333333333334,0.4896666666666667,0.3,0.2166666666666666,0.3468333333333333,Medium,SUP026,0.72375,High,2.1588235294117646,0.7058823529411765,0.9669249669249668,10,10,0.4976,Monitor,Monitor inventory and supplier performance,0.49396154850262924,Monitor
P00026,Fasteners,C,1094.97,35,SUP030,Low,No,3.233974358974359,2.7849403291228687,3027,21,26.47222222222222,0.0053418803418803,5,0.0448717948717948,8.185662371985464,0.487012987012987,0.4675324675324675,0.98099173553719,2.0,2.0,1.0,0.7666666666666666,0.7,0.605,0.412,0.3616666666666667,0.737,0.3,0.4766666666666667,0.5712500000000001,High,SUP030,0.38625,Medium,0.2049530315969257,0.4210076857386849,0.981411736119548,13,14,0.4972500000000001,Monitor,Monitor inventory and supplier performance,0.4951099768367698,Monitor
P00087,Fasteners,B,5571.11,23,SUP022,Low,No,1.1901709401709402,2.1801608076513066,1114,18,6.114316239316239,0.1217948717948717,114,0.0053418803418803,5.137342908438061,0.2456140350877192,0.4912280701754385,0.9821428571428572,0.0,0.0,0.0,0.3583333333333333,0.9366666666666666,0.9466666666666668,0.3566666666666667,0.0683333333333333,0.175,0.6,0.9166666666666666,0.5667500000000001,High,SUP022,0.333125,Medium,0.2547945205479452,0.4493150684931506,0.9765289571605764,6,7,0.4969650000000001,Monitor,Monitor inventory and supplier performance,0.5012775761933764,Monitor
P00254,Hydraulics,B,740.26,34,SUP034,Low,Yes,1.5726495726495726,1.6498451812182628,1472,12,15.786324786324789,0.0021367521367521,2,0.0085470085470085,10.038043478260873,0.7236842105263158,0.4736842105263157,0.9970238095238096,1.0,1.0,1.0,0.3066666666666666,0.5966666666666667,0.5316666666666666,0.388,0.3333333333333333,0.4896666666666667,0.6,0.34,0.4625833333333333,Medium,SUP034,0.48875,Medium,0.3615916955017301,0.444636678200692,0.9793668294219562,10,13,0.4967025,Monitor,Monitor inventory and supplier performance,0.4975995307554317,Monitor
P00224,Fasteners,B,2857.81,25,SUP028,Low,No,2.6047008547008548,2.641450605404294,2438,31,20.79594017094017,0.0074786324786324,7,0.0245726495726495,7.984003281378178,0.1382113821138211,0.4552845528455284,0.979004199160168,4.0,4.0,1.0,0.6816666666666666,0.73,0.6433333333333333,0.3066666666666667,0.115,0.9506666666666668,0.6,0.77,0.5958166666666667,High,SUP028,0.28625,Medium,0.1147540983606557,0.4110970996216898,0.9786134634706474,9,10,0.4955894999999999,Monitor,Monitor inventory and supplier performance,0.49580448207406114,Monitor
P00016,LandingGear,B,2044.15,15,SUP022,Low,Yes,2.327991452991453,2.2320721587466656,2179,17,7.506410256410256,0.2264957264957265,212,0.0181623931623931,3.2244148692060577,0.1351351351351351,0.3783783783783784,0.9857239972807614,0.0,0.0,0.0,0.5366666666666666,0.9866666666666668,0.9933333333333332,0.1533333333333333,0.01,0.175,0.6,0.6833333333333333,0.5625000000000001,High,SUP022,0.333125,Medium,0.2547945205479452,0.4493150684931506,0.9765289571605764,6,7,0.4942875000000001,Monitor,Monitor inventory and supplier performance,0.49906778475585656,Monitor
P00029,Structure,A,4196.96,33,SUP036,Low,No,0.8568376068376068,1.0791243426326216,802,8,10.553418803418804,0.001068376068376,1,0.0128205128205128,12.316708229426435,0.1219512195121951,0.3902439024390244,0.9772727272727272,1.0,1.0,1.0,0.1033333333333333,0.4399999999999999,0.4916666666666666,0.2116666666666666,0.2933333333333333,0.4896666666666667,1.0,0.87,0.4307999999999999,Medium,SUP036,0.42625,Medium,0.2988095238095238,0.4214285714285714,0.9757926588606762,7,18,0.4933269999999998,Monitor,Monitor inventory and supplier performance,0.48786167556168236,Monitor
P00083,Fasteners,C,633.81,36,SUP030,Low,No,3.342948717948718,2.693409159418811,3129,19,26.995726495726498,0.0299145299145299,28,0.0224358974358974,8.075423457973793,0.0377358490566037,0.4276729559748428,0.9864024864024864,2.0,2.0,1.0,0.7666666666666666,0.7133333333333334,0.8,0.1986666666666666,0.3916666666666666,0.737,0.3,0.2866666666666667,0.5646666666666668,High,SUP030,0.38625,Medium,0.2049530315969257,0.4210076857386849,0.981411736119548,13,14,0.4933,Monitor,Monitor inventory and supplier performance,0.49221033160702704,Monitor
P00173,Structure,B,971.55,31,SUP019,Low,No,2.727564102564102,2.727857643296233,2553,22,21.331196581196583,0.0256410256410256,24,0.0245726495726495,7.82060321190756,0.3435114503816794,0.4198473282442748,0.9733201581027668,0.0,0.0,0.0,0.7166666666666667,0.77,0.7766666666666666,0.3373333333333333,0.2316666666666666,0.175,0.6,0.41,0.5497666666666666,High,SUP019,0.34875,Medium,0.2214182344428364,0.4370477568740955,0.9797475013150974,9,10,0.492828,Monitor,Monitor inventory and supplier performance,0.49368286953834695,Monitor
P00160,Hydraulics,B,2045.9,31,SUP017,Low,No,1.579059829059829,1.7672449244953636,1478,12,12.19017094017094,0.0138888888888888,13,0.016025641025641,7.719891745602165,-0.4736842105263157,0.3026315789473684,0.96875,2.0,2.0,1.0,0.3416666666666667,0.7933333333333333,0.7016666666666667,0.1323333333333333,0.2316666666666666,0.737,0.6,0.6866666666666666,0.5262166666666667,High,SUP017,0.38375,Medium,0.1263399693721286,0.4127105666156202,0.976163610719323,11,14,0.4926915,Monitor,Monitor inventory and supplier performance,0.4929487681721652,Monitor
P00268,Cabin,C,427.4,46,SUP036,Low,No,5.228632478632479,4.215970736482862,4894,33,61.02777777777778,0.0,0,0.0833333333333333,11.671843073150796,0.2376237623762376,0.4306930693069307,0.959771248274502,2.0,11.0,5.5,0.9383333333333334,0.5466666666666666,0.235,0.3853333333333333,0.6766666666666666,0.8483333333333334,0.3,0.19,0.5351333333333333,High,SUP036,0.42625,Medium,0.2988095238095238,0.4214285714285714,0.9757926588606762,7,18,0.49158,Monitor,Monitor inventory and supplier performance,0.49371260636670633,Monitor
P00237,Structure,C,191.53,43,SUP005,Medium,No,1.123931623931624,1.9582880037114412,1052,13,13.262820512820513,0.0053418803418803,5,0.0085470085470085,11.800380228136882,2.327272727272727,0.7636363636363637,0.9710610932475884,1.0,1.0,1.0,0.3033333333333333,0.54,0.605,0.8393333333333333,0.5966666666666667,0.4896666666666667,0.3,0.0233333333333333,0.5099499999999999,High,SUP005,0.46125,Medium,1.9311926605504588,0.6628440366972477,0.9509496973491964,1,1,0.4904699999999999,Monitor,Monitor inventory and supplier performance,0.4926996450907609,Monitor
P00218,Cabin,B,2340.25,38,SUP017,Low,No,4.92948717948718,5.299918892916496,4614,73,50.322649572649574,0.0,0,0.0673076923076923,10.208495882097962,0.396551724137931,0.4482758620689655,0.9609223300970874,0.0,0.0,0.0,0.9616666666666668,0.5733333333333333,0.235,0.4593333333333333,0.4516666666666666,0.175,0.6,0.7233333333333334,0.5219,High,SUP017,0.38375,Medium,0.1263399693721286,0.4127105666156202,0.976163610719323,11,14,0.4899720000000001,Monitor,Monitor inventory and supplier performance,0.49042496397339064,Monitor
P00143,Avionics,C,262.16,29,SUP010,Low,Yes,4.267094017094017,3.5563044111757542,3994,24,27.949786324786324,0.0288461538461538,27,0.0512820512820512,6.5500751126690036,0.1871345029239766,0.4269005847953216,0.9777181208053692,1.0,1.0,1.0,0.8999999999999999,0.8433333333333333,0.795,0.2813333333333334,0.1916666666666666,0.4896666666666667,0.3,0.0633333333333333,0.5664166666666667,High,SUP010,0.3712499999999999,Medium,0.3526881720430107,0.432258064516129,0.97919975796082,8,8,0.4883499999999999,Monitor,Monitor inventory and supplier performance,0.48985560089002617,Monitor
P00287,Cabin,B,2066.75,39,SUP035,Low,No,4.299145299145299,3.646731642871772,4024,27,51.94444444444444,0.0096153846153846,9,0.048076923076923,12.082504970178926,0.532258064516129,0.478494623655914,0.982896551724138,0.0,0.0,0.0,0.9066666666666668,0.4866666666666667,0.6766666666666666,0.4193333333333333,0.49,0.175,0.6,0.69,0.5587333333333333,High,SUP035,0.323125,Medium,0.2589413447782546,0.4377682403433476,0.9805861841485252,3,15,0.4877145,Monitor,Monitor inventory and supplier performance,0.49102898571209225,Monitor
P00185,Hydraulics,C,367.48,25,SUP019,Low,Yes,1.811965811965812,1.8743714762328976,1696,15,11.226495726495726,0.0651709401709401,61,0.0224358974358974,6.195754716981131,0.367816091954023,0.5287356321839081,0.9733487833140207,3.0,3.0,1.0,0.3883333333333333,0.8966666666666667,0.9,0.4626666666666666,0.115,0.889,0.3,0.1433333333333333,0.5795500000000001,High,SUP019,0.34875,Medium,0.2214182344428364,0.4370477568740955,0.9797475013150974,9,10,0.48723,Monitor,Monitor inventory and supplier performance,0.4901110492635236,Monitor
P00192,Structure,B,498.61,25,SUP017,Low,No,2.2094017094017095,2.4649320726845496,2068,21,17.07371794871795,0.0331196581196581,31,0.017094017094017,7.727756286266924,0.308411214953271,0.4205607476635514,0.9746227709190672,0.0,0.0,0.0,0.5766666666666667,0.7866666666666666,0.815,0.3226666666666667,0.115,0.175,0.6,0.2333333333333333,0.51515,High,SUP017,0.38375,Medium,0.1263399693721286,0.4127105666156202,0.976163610719323,11,14,0.4857195,Monitor,Monitor inventory and supplier performance,0.48906461220754327,Monitor
P00200,Hydraulics,C,287.21,41,SUP003,Medium,Yes,1.1517094017094016,2.0684689796418003,1078,15,13.63888888888889,0.0202991452991453,19,0.0128205128205128,11.842300556586272,1.962962962962963,0.5925925925925926,0.96875,0.0,0.0,0.0,0.3316666666666666,0.5333333333333333,0.745,0.6336666666666667,0.5333333333333333,0.175,0.3,0.0766666666666666,0.4678833333333334,Medium,SUP003,0.509375,High,1.914691943127962,0.669826224328594,0.9689265536723164,6,11,0.48448,Monitor,Monitor inventory and supplier performance,0.4855668728379035,Monitor
P00242,Electrical,C,1006.69,22,SUP019,Low,No,2.4380341880341883,2.5005680601473057,2282,20,10.567307692307692,0.1367521367521367,128,0.0202991452991453,4.3343558282208585,0.1982758620689655,0.4137931034482758,0.9808481532147744,1.0,1.0,1.0,0.61,0.9666666666666668,0.9633333333333334,0.244,0.0533333333333333,0.4896666666666667,0.3,0.4266666666666667,0.5715666666666668,High,SUP019,0.34875,Medium,0.2214182344428364,0.4370477568740955,0.9797475013150974,9,10,0.4824400000000001,Monitor,Monitor inventory and supplier performance,0.48201683245767896,Monitor
P00150,Fasteners,B,2083.89,31,SUP010,Low,No,2.215811965811966,2.018737356982573,2074,15,17.15491452991453,0.0042735042735042,4,0.0096153846153846,7.742044358727098,0.0373831775700934,0.3831775700934579,0.9695431472081218,1.0,1.0,1.0,0.485,0.7766666666666666,0.5883333333333334,0.2186666666666666,0.2316666666666666,0.4896666666666667,0.6,0.6966666666666667,0.5161,High,SUP010,0.3712499999999999,Medium,0.3526881720430107,0.432258064516129,0.97919975796082,8,8,0.481068,Monitor,Monitor inventory and supplier performance,0.4804468151980878,Monitor
P00183,Avionics,A,3080.58,49,SUP005,Medium,Yes,1.061965811965812,1.2642369907906517,994,10,22.47542735042735,0.0,0,0.0373931623931623,21.16398390342052,1.8653846153846152,0.6730769230769231,0.9914893617021276,0.0,0.0,0.0,0.1666666666666666,0.0566666666666666,0.235,0.5633333333333334,0.7483333333333333,0.175,1.0,0.8,0.3884166666666667,Medium,SUP005,0.46125,Medium,1.9311926605504588,0.6628440366972477,0.9509496973491964,1,1,0.4801824999999999,Monitor,Monitor inventory and supplier performance,0.4843259444632388,Monitor
P00156,Cabin,B,3884.32,45,SUP011,Low,No,4.6752136752136755,4.322712675401893,4376,28,57.001068376068375,0.0,0,0.0299145299145299,12.192184643510052,0.4124293785310734,0.4406779661016949,0.9791459781529296,2.0,2.0,1.0,0.9316666666666666,0.4633333333333334,0.235,0.3680000000000001,0.6483333333333333,0.737,0.6,0.85,0.5639000000000001,High,SUP011,0.288125,Medium,0.2849557522123894,0.4212389380530973,0.97932967417961,7,7,0.4762695,Monitor,Monitor inventory and supplier performance,0.4775304012669638,Monitor
P00205,LandingGear,C,926.47,25,SUP010,Low,Yes,3.2596153846153846,3.237466736192911,3051,21,20.936965811965813,0.0395299145299145,37,0.0288461538461538,6.423139954113406,0.5140845070422535,0.4225352112676056,0.9861271676300578,0.0,0.0,0.0,0.8183333333333334,0.85,0.8483333333333334,0.3173333333333333,0.115,0.175,0.3,0.3866666666666666,0.5459333333333334,High,SUP010,0.3712499999999999,Medium,0.3526881720430107,0.432258064516129,0.97919975796082,8,8,0.47606,Monitor,Monitor inventory and supplier performance,0.47545376134400597,Monitor
P00144,Fasteners,C,1196.12,37,SUP031,Low,No,2.9294871794871793,2.5220622564686828,2742,19,23.280982905982903,0.0256410256410256,24,0.0149572649572649,7.947118891320205,0.5815602836879432,0.475177304964539,0.9814143245693564,3.0,3.0,1.0,0.6799999999999999,0.7366666666666667,0.7766666666666666,0.434,0.4216666666666667,0.889,0.3,0.5233333333333333,0.6181666666666668,High,SUP031,0.26125,Medium,0.3138231631382316,0.4433374844333748,0.9818037974683544,4,4,0.4754,Monitor,Monitor inventory and supplier performance,0.47372634185175616,Monitor
P00117,Engine,B,1256.23,50,SUP034,Low,Yes,1.2820512820512822,1.4469360811852705,1200,8,18.063034188034187,0.0,0,0.0192307692307692,14.089166666666666,0.3387096774193548,0.4354838709677419,0.9871794871794872,2.0,2.0,1.0,0.2249999999999999,0.37,0.235,0.3013333333333334,0.7833333333333333,0.737,0.6,0.55,0.4277333333333333,Medium,SUP034,0.48875,Medium,0.3615916955017301,0.444636678200692,0.9793668294219562,10,13,0.474747,Monitor,Monitor inventory and supplier performance,0.4772948368696974,Monitor
P00261,Electrical,B,4244.5,27,SUP010,Low,No,1.735042735042735,1.763652808269895,1624,19,13.055555555555555,0.0021367521367521,2,0.0149572649572649,7.524630541871921,0.253012048192771,0.4216867469879518,0.9817905918057664,1.0,1.0,1.0,0.36,0.8200000000000001,0.5316666666666666,0.268,0.145,0.4896666666666667,0.6,0.8766666666666667,0.50525,High,SUP010,0.3712499999999999,Medium,0.3526881720430107,0.432258064516129,0.97919975796082,8,8,0.4742325,Monitor,Monitor inventory and supplier performance,0.4762163353822417,Monitor
P00211,Fasteners,C,1199.34,34,SUP019,Low,No,1.9102564102564104,3.5423279361051163,1788,37,15.282051282051285,0.0844017094017094,79,0.0181623931623931,8.0,0.0659340659340659,0.3846153846153846,0.98527865404837,1.0,2.0,2.0,0.685,0.7266666666666667,0.9266666666666666,0.1513333333333333,0.3333333333333333,0.583,0.3,0.5266666666666666,0.55775,High,SUP019,0.34875,Medium,0.2214182344428364,0.4370477568740955,0.9797475013150974,9,10,0.4741499999999999,Monitor,Monitor inventory and supplier performance,0.46972725835740936,Monitor
P00244,Hydraulics,B,1043.57,28,SUP017,Low,Yes,1.748931623931624,1.6240172451153383,1637,10,13.273504273504274,0.0096153846153846,9,0.0213675213675213,7.589492974954185,-0.1309523809523809,0.3333333333333333,0.975443383356071,1.0,3.0,3.0,0.3291666666666666,0.8133333333333334,0.6766666666666666,0.1333333333333333,0.1683333333333333,0.641,0.6,0.44,0.496475,Medium,SUP017,0.38375,Medium,0.1263399693721286,0.4127105666156202,0.976163610719323,11,14,0.4739542500000001,Monitor,Monitor inventory and supplier performance,0.4754219058605868,Monitor
P00028,Engine,C,471.91,30,SUP017,Low,Yes,1.7126068376068375,1.9800316637980917,1603,19,10.707264957264956,0.0235042735042735,22,0.0128205128205128,6.252027448533999,0.6829268292682927,0.524390243902439,0.9908376963350786,1.0,2.0,2.0,0.3916666666666666,0.8866666666666667,0.76,0.426,0.21,0.583,0.3,0.2033333333333333,0.53345,High,SUP017,0.38375,Medium,0.1263399693721286,0.4127105666156202,0.976163610719323,11,14,0.47357,Monitor,Monitor inventory and supplier performance,0.4724664244436779,Monitor
P00246,LandingGear,C,993.32,33,SUP003,Medium,Yes,2.673076923076923,2.53488211044668,2502,15,26.567307692307693,0.0,0,0.0331196581196581,9.938848920863313,1.859375,0.640625,0.9706572769953052,0.0,0.0,0.0,0.6599999999999999,0.6133333333333333,0.235,0.63,0.2933333333333333,0.175,0.3,0.42,0.4492499999999999,Medium,SUP003,0.509375,High,1.914691943127962,0.669826224328594,0.9689265536723164,6,11,0.4732999999999999,Monitor,Monitor inventory and supplier performance,0.4682459948277014,Monitor
P00145,Hydraulics,A,3608.96,48,SUP005,Medium,Yes,0.6901709401709402,0.9377122990421656,646,7,14.75,0.0,0,0.0128205128205128,21.371517027863774,2.40625,0.65625,0.9914529914529916,0.0,0.0,0.0,0.0433333333333333,0.05,0.235,0.6353333333333334,0.72,0.175,1.0,0.83,0.37805,Medium,SUP005,0.46125,Medium,1.9311926605504588,0.6628440366972477,0.9509496973491964,1,1,0.4730294999999999,Monitor,Monitor inventory and supplier performance,0.4787160405841478,Monitor
P00107,Engine,B,1175.42,36,SUP022,Low,Yes,1.2756410256410255,1.4562733977407896,1194,9,12.088675213675211,0.0053418803418803,5,0.0202991452991453,9.476549413735343,0.4590163934426229,0.4918032786885246,0.9742857142857144,2.0,2.0,1.0,0.2233333333333333,0.6699999999999999,0.605,0.4626666666666666,0.3916666666666666,0.737,0.6,0.5133333333333333,0.5261833333333333,High,SUP022,0.333125,Medium,0.2547945205479452,0.4493150684931506,0.9765289571605764,6,7,0.471408,Monitor,Monitor inventory and supplier performance,0.4741613051841437,Monitor
P00041,Fasteners,C,700.78,24,SUP017,Low,No,2.699786324786325,2.489473014540014,2527,17,12.688034188034187,0.0502136752136752,47,0.0192307692307692,4.69964384645825,-0.0697674418604651,0.3643410852713178,0.9932356257046224,1.0,1.0,1.0,0.6516666666666666,0.94,0.865,0.0646666666666666,0.0883333333333333,0.4896666666666667,0.3,0.3266666666666666,0.5293333333333333,High,SUP017,0.38375,Medium,0.1263399693721286,0.4127105666156202,0.976163610719323,11,14,0.4711,Monitor,Monitor inventory and supplier performance,0.46822327357699445,Monitor
P00262,Structure,C,409.35,31,SUP030,Low,No,3.056623931623931,2.7849862818283535,2861,22,19.46153846153846,0.0502136752136752,47,0.017094017094017,6.367004543865781,0.047945205479452,0.410958904109589,0.9767343485617598,0.0,0.0,0.0,0.7458333333333333,0.8566666666666667,0.865,0.2166666666666666,0.2316666666666666,0.175,0.3,0.18,0.525125,High,SUP030,0.38625,Medium,0.2049530315969257,0.4210076857386849,0.981411736119548,13,14,0.4695749999999999,Monitor,Monitor inventory and supplier performance,0.46838110803222344,Monitor
P00002,Cabin,C,670.84,31,SUP028,Low,No,6.469017094017094,5.76520092509007,6055,48,41.60683760683761,0.0309829059829059,29,0.0566239316239316,6.431709331131297,0.0,0.3826530612244898,0.9761977886977888,1.0,2.0,2.0,0.9866666666666666,0.8466666666666667,0.805,0.1766666666666666,0.2316666666666666,0.583,0.3,0.3033333333333333,0.5912166666666667,High,SUP028,0.28625,Medium,0.1147540983606557,0.4110970996216898,0.9786134634706474,9,10,0.46923,Monitor,Monitor inventory and supplier performance,0.47151605968992666,Monitor
P00010,Electrical,C,1488.91,33,SUP036,Low,No,2.324786324786325,2.7191664650135894,2176,30,19.07905982905983,0.0181623931623931,17,0.0277777777777777,8.206801470588236,0.3679245283018867,0.4245283018867924,0.9847272727272728,0.0,0.0,0.0,0.65,0.6866666666666666,0.73,0.2913333333333334,0.2933333333333333,0.175,0.3,0.6166666666666667,0.4957,Medium,SUP036,0.42625,Medium,0.2988095238095238,0.4214285714285714,0.9757926588606762,7,18,0.46792,Monitor,Monitor inventory and supplier performance,0.46280909516998237,Monitor
P00212,Fasteners,C,1060.94,50,SUP005,Medium,No,3.480769230769231,3.329603699845597,3258,25,51.761752136752136,0.0,0,0.0598290598290598,14.870779619398403,1.875,0.6458333333333334,0.9440993788819876,0.0,0.0,0.0,0.855,0.2666666666666667,0.235,0.712,0.7833333333333333,0.175,0.3,0.4566666666666666,0.4723,Medium,SUP005,0.46125,Medium,1.9311926605504588,0.6628440366972477,0.9509496973491964,1,1,0.4678799999999999,Monitor,Monitor inventory and supplier performance,0.46334202865201135,Monitor
P00208,Hydraulics,A,2809.54,42,SUP036,Low,No,0.5512820512820513,0.8550188174046239,516,4,8.461538461538462,0.001068376068376,1,0.0085470085470085,15.348837209302324,0.5172413793103449,0.4482758620689655,0.987012987012987,0.0,0.0,0.0,0.025,0.2466666666666667,0.4916666666666666,0.362,0.56,0.175,1.0,0.76,0.3926333333333334,Medium,SUP036,0.42625,Medium,0.2988095238095238,0.4214285714285714,0.9757926588606762,7,18,0.4669919999999999,Monitor,Monitor inventory and supplier performance,0.4671490949112459,Monitor
P00269,Avionics,B,794.41,42,SUP011,Low,Yes,3.1292735042735043,3.0548213678194873,2929,24,38.037393162393165,0.0032051282051282,3,0.0363247863247863,12.15534312051895,0.2482269503546099,0.425531914893617,0.9787505312367192,2.0,2.0,1.0,0.7816666666666667,0.4766666666666667,0.565,0.2953333333333333,0.56,0.737,0.6,0.3566666666666667,0.5491666666666667,High,SUP011,0.288125,Medium,0.2849557522123894,0.4212389380530973,0.97932967417961,7,7,0.4669875,Monitor,Monitor inventory and supplier performance,0.46845454107360374,Monitor
P00011,Fasteners,C,538.02,40,SUP030,Low,No,3.0608974358974357,3.143200597462157,2865,39,29.64316239316239,0.001068376068376,1,0.063034188034188,9.684467713787086,0.1560283687943262,0.3617021276595745,0.9844251030691707,2.0,3.0,1.5,0.7866666666666666,0.65,0.4916666666666666,0.1506666666666667,0.5183333333333333,0.795,0.3,0.2633333333333333,0.51885,High,SUP030,0.38625,Medium,0.2049530315969257,0.4210076857386849,0.981411736119548,13,14,0.46581,Monitor,Monitor inventory and supplier performance,0.462565130553748,Monitor
P00044,Hydraulics,B,1222.57,25,SUP017,Low,Yes,1.732905982905983,1.981526040700668,1622,15,13.567307692307692,0.0213675213675213,20,0.0224358974358974,7.8292231812577056,-0.3170731707317073,0.3292682926829268,0.983375959079284,1.0,1.0,1.0,0.3983333333333333,0.7666666666666666,0.75,0.0673333333333333,0.115,0.4896666666666667,0.6,0.5366666666666666,0.4829833333333333,Medium,SUP017,0.38375,Medium,0.1263399693721286,0.4127105666156202,0.976163610719323,11,14,0.4654545,Monitor,Monitor inventory and supplier performance,0.4665565050698033,Monitor
P00140,Structure,C,246.31,30,SUP030,Low,No,2.949786324786325,2.9098100636812174,2761,21,19.36111111111111,0.0085470085470085,8,0.0106837606837606,6.563563926113726,0.1343283582089552,0.4104477611940298,0.97995337995338,1.0,1.0,1.0,0.755,0.84,0.6583333333333333,0.216,0.21,0.4896666666666667,0.3,0.0533333333333333,0.5150333333333333,High,SUP030,0.38625,Medium,0.2049530315969257,0.4210076857386849,0.981411736119548,13,14,0.46352,Monitor,Monitor inventory and supplier performance,0.4607913353448614,Monitor
P00272,Avionics,C,202.26,48,SUP036,Low,No,4.223290598290598,3.799286770240057,3953,24,49.327991452991455,0.0,0,0.0288461538461538,11.67998988110296,0.4378698224852071,0.4378698224852071,0.980325853058715,1.0,1.0,1.0,0.9066666666666668,0.5433333333333333,0.235,0.368,0.72,0.4896666666666667,0.3,0.03,0.4875833333333334,Medium,SUP036,0.42625,Medium,0.2988095238095238,0.4214285714285714,0.9757926588606762,7,18,0.4630500000000001,Monitor,Monitor inventory and supplier performance,0.46285741757874144,Monitor
P00149,Fasteners,C,2043.71,26,SUP028,Low,No,3.466880341880342,2.9702577879441856,3245,23,22.049145299145295,0.0373931623931623,35,0.0341880341880341,6.359938366718027,0.2085889570552147,0.4049079754601227,0.9823037323037324,1.0,1.0,1.0,0.8049999999999999,0.86,0.8333333333333334,0.216,0.13,0.4896666666666667,0.3,0.68,0.5761166666666667,High,SUP028,0.28625,Medium,0.1147540983606557,0.4110970996216898,0.9786134634706474,9,10,0.46017,Monitor,Monitor inventory and supplier performance,0.4581207265965223,Monitor
P00074,Electrical,A,6860.32,22,SUP012,Low,No,0.7510683760683761,1.0802054328403898,703,11,4.990384615384615,0.0096153846153846,9,0.0042735042735042,6.644381223328591,0.5833333333333334,0.4722222222222222,0.9534883720930232,0.0,0.0,0.0,0.0916666666666666,0.8366666666666667,0.6766666666666666,0.544,0.0533333333333333,0.175,1.0,0.9433333333333334,0.5341833333333335,High,SUP012,0.1987499999999999,Low,0.0911435941530524,0.4178847807394669,0.9878409243584576,8,8,0.4600115000000001,Monitor,Monitor inventory and supplier performance,0.4621778497979385,Monitor
P00263,Structure,B,853.64,38,SUP029,Low,No,2.3493589743589745,2.314973259656518,2199,17,23.455128205128204,0.0074786324786324,7,0.0181623931623931,9.98362892223738,0.043859649122807,0.4473684210526316,0.9676140118968936,3.0,3.0,1.0,0.5483333333333333,0.6033333333333333,0.6433333333333333,0.332,0.4516666666666666,0.889,0.6,0.3733333333333333,0.5619500000000001,High,SUP029,0.241875,Low,0.2222222222222222,0.4269005847953216,0.9833502081223984,7,7,0.455616,Monitor,Monitor inventory and supplier performance,0.45763979005299565,Monitor
P00177,Avionics,C,327.7,35,SUP010,Low,Yes,1.6036324786324787,2.4970458802122937,1501,15,12.564102564102564,0.0566239316239316,53,0.0096153846153846,7.834776815456362,0.4487179487179487,0.4615384615384615,0.9817275747508306,0.0,0.0,0.0,0.4891666666666667,0.7633333333333333,0.88,0.3913333333333333,0.3616666666666667,0.175,0.3,0.1133333333333333,0.506075,High,SUP010,0.3712499999999999,Medium,0.3526881720430107,0.432258064516129,0.97919975796082,8,8,0.452145,Monitor,Monitor inventory and supplier performance,0.4515024692023327,Monitor
P00035,Hydraulics,A,4780.74,40,SUP030,Low,No,0.7019230769230769,1.0576113427745006,657,12,10.594017094017094,0.0,0,0.0074786324786324,15.092846270928463,-0.1111111111111111,0.4722222222222222,0.9572649572649572,1.0,1.0,1.0,0.0683333333333333,0.2533333333333333,0.235,0.3706666666666667,0.5183333333333333,0.4896666666666667,1.0,0.8966666666666666,0.3974,Medium,SUP030,0.38625,Medium,0.2049530315969257,0.4210076857386849,0.981411736119548,13,14,0.451881,Monitor,Monitor inventory and supplier performance,0.454484796557444,Monitor
P00108,Cabin,C,601.72,36,SUP017,Low,No,6.952991452991453,5.128084737377462,6508,41,59.72222222222222,0.0,0,0.0758547008547008,8.589428395820528,0.1047619047619047,0.4571428571428571,0.9775583482944344,1.0,1.0,1.0,0.9833333333333334,0.6799999999999999,0.235,0.308,0.3916666666666666,0.4896666666666667,0.3,0.28,0.4970833333333333,Medium,SUP017,0.38375,Medium,0.1263399693721286,0.4127105666156202,0.976163610719323,11,14,0.45175,Monitor,Monitor inventory and supplier performance,0.45254093790316674,Monitor
P00094,LandingGear,B,1920.47,29,SUP011,Low,Yes,2.206196581196582,2.0753722840647733,2065,16,17.30982905982906,0.0288461538461538,27,0.0192307692307692,7.846004842615011,0.0283018867924528,0.3773584905660377,0.9882032667876588,1.0,1.0,1.0,0.4966666666666666,0.76,0.795,0.1119999999999999,0.1916666666666666,0.4896666666666667,0.6,0.6733333333333333,0.52435,High,SUP011,0.288125,Medium,0.2849557522123894,0.4212389380530973,0.97932967417961,7,7,0.451353,Monitor,Monitor inventory and supplier performance,0.45154438036902944,Monitor
P00105,Structure,C,344.57,22,SUP022,Low,No,1.1634615384615383,2.0574607642383103,1089,17,5.198717948717949,0.2094017094017094,196,0.0032051282051282,4.46831955922865,0.7678571428571429,0.5357142857142857,0.9695121951219512,0.0,0.0,0.0,0.3316666666666666,0.9566666666666668,0.99,0.542,0.0533333333333333,0.175,0.3,0.12,0.5297166666666667,High,SUP022,0.333125,Medium,0.2547945205479452,0.4493150684931506,0.9765289571605764,6,7,0.45108,Monitor,Monitor inventory and supplier performance,0.4518859195688411,Monitor
P00166,Engine,C,370.19,30,SUP035,Low,No,0.7083333333333334,1.4237763298471964,663,9,4.2094017094017095,0.079059829059829,74,0.0042735042735042,5.942684766214178,0.6666666666666666,0.5277777777777778,0.9495798319327732,1.0,1.0,1.0,0.13,0.9066666666666666,0.9233333333333332,0.5926666666666667,0.21,0.4896666666666667,0.3,0.1533333333333333,0.5358666666666667,High,SUP035,0.323125,Medium,0.2589413447782546,0.4377682403433476,0.9805861841485252,3,15,0.45077,Monitor,Monitor inventory and supplier performance,0.45059317076931904,Monitor
P00059,Cabin,C,1183.97,46,SUP036,Low,No,5.252136752136752,4.557006209106478,4916,32,62.80662393162393,0.0,0,0.063034188034188,11.958299430431245,0.3768844221105528,0.4271356783919598,0.9882829143587558,0.0,0.0,0.0,0.9533333333333334,0.51,0.235,0.2906666666666667,0.6766666666666666,0.175,0.3,0.52,0.4650166666666666,Medium,SUP036,0.42625,Medium,0.2988095238095238,0.4214285714285714,0.9757926588606762,7,18,0.4495099999999999,Monitor,Monitor inventory and supplier performance,0.4475083732175763,Monitor
P00045,Fasteners,B,4045.15,29,SUP019,Low,No,2.08974358974359,1.940412200120371,1956,14,15.805555555555555,0.0064102564102564,6,0.0202991452991453,7.563394683026584,-0.1818181818181818,0.3737373737373737,0.9838709677419356,0.0,0.0,0.0,0.45,0.8166666666666667,0.625,0.0976666666666666,0.1916666666666666,0.175,0.6,0.86,0.4789,Medium,SUP019,0.34875,Medium,0.2214182344428364,0.4370477568740955,0.9797475013150974,9,10,0.448182,Monitor,Monitor inventory and supplier performance,0.4504129515939513,Monitor
P00235,Engine,A,5064.85,35,SUP028,Low,Yes,0.4732905982905983,0.8072745889636186,443,8,5.414529914529915,0.0074786324786324,7,0.0042735042735042,11.44018058690745,-0.4285714285714285,0.3214285714285714,0.974025974025974,1.0,1.0,1.0,0.02,0.5533333333333333,0.6433333333333333,0.115,0.3616666666666667,0.4896666666666667,1.0,0.9066666666666666,0.4578833333333333,Medium,SUP028,0.28625,Medium,0.1147540983606557,0.4110970996216898,0.9786134634706474,9,10,0.4476144999999999,Monitor,Monitor inventory and supplier performance,0.45008756149082396,Monitor
P00293,Hydraulics,B,769.12,43,SUP030,Low,No,1.482905982905983,1.7223682538430962,1388,18,17.746794871794872,0.0,0,0.0235042735042735,11.96757925072046,0.647887323943662,0.4929577464788732,0.9625212947189096,1.0,1.0,1.0,0.3133333333333333,0.5066666666666666,0.235,0.5413333333333334,0.5966666666666667,0.4896666666666667,0.6,0.3466666666666667,0.45075,Medium,SUP030,0.38625,Medium,0.2049530315969257,0.4210076857386849,0.981411736119548,13,14,0.4461975,Monitor,Monitor inventory and supplier performance,0.44989106150665753,Monitor
P00001,Electrical,B,2323.45,27,SUP004,Low,No,1.801282051282051,1.8744092720888017,1686,14,13.942307692307692,0.0138888888888888,13,0.0096153846153846,7.740213523131672,0.5977011494252874,0.5287356321839081,0.9769696969696968,1.0,1.0,1.0,0.3866666666666667,0.78,0.7016666666666667,0.4893333333333334,0.145,0.4896666666666667,0.6,0.7166666666666667,0.5519500000000002,High,SUP004,0.233125,Low,0.256797583081571,0.4350453172205438,0.9831092726645984,6,6,0.4456410000000001,Monitor,Monitor inventory and supplier performance,0.4483628913539076,Monitor
P00012,Engine,C,355.03,49,SUP030,Low,Yes,0.7852564102564102,1.5676667967142646,735,12,8.819444444444445,0.0138888888888888,13,0.0096153846153846,11.231292517006803,0.4210526315789473,0.4736842105263157,0.9937106918238994,2.0,2.0,1.0,0.1616666666666666,0.5666666666666667,0.7016666666666667,0.35,0.7483333333333333,0.737,0.3,0.13,0.4803666666666666,Medium,SUP030,0.38625,Medium,0.2049530315969257,0.4210076857386849,0.981411736119548,13,14,0.44272,Monitor,Monitor inventory and supplier performance,0.4433549864663996,Monitor
P00223,Avionics,C,533.73,33,SUP012,Low,Yes,4.736111111111111,4.1104821586945155,4433,38,38.84615384615385,0.0277777777777777,26,0.0331196581196581,8.202120460184977,0.4293478260869565,0.4456521739130434,0.9930555555555556,3.0,3.0,1.0,0.9283333333333332,0.6933333333333334,0.7866666666666666,0.316,0.2933333333333333,0.889,0.3,0.26,0.60455,High,SUP012,0.1987499999999999,Low,0.0911435941530524,0.4178847807394669,0.9878409243584576,8,8,0.44223,Monitor,Monitor inventory and supplier performance,0.440022271914179,Monitor
P00300,Fasteners,B,3351.06,32,SUP035,Low,No,2.8215811965811968,3.234044182632366,2641,23,28.058760683760685,0.0032051282051282,3,0.0331196581196581,9.94433926542976,0.0256410256410256,0.3846153846153846,0.992004264392324,0.0,0.0,0.0,0.775,0.61,0.565,0.1093333333333333,0.2566666666666666,0.175,0.6,0.8166666666666667,0.4834,Medium,SUP035,0.323125,Medium,0.2589413447782546,0.4377682403433476,0.9805861841485252,3,15,0.4402544999999999,Monitor,Monitor inventory and supplier performance,0.4393524107847202,Monitor
P00078,Electrical,C,1652.36,18,SUP012,Low,No,2.4722222222222223,2.5906615053025424,2314,23,10.45619658119658,0.1143162393162393,107,0.0085470085470085,4.229472774416594,0.4322033898305085,0.4915254237288136,0.9924760601915183,1.0,1.0,1.0,0.64,0.9733333333333334,0.94,0.3686666666666667,0.0216666666666666,0.4896666666666667,0.3,0.6366666666666667,0.5999333333333334,High,SUP012,0.1987499999999999,Low,0.0911435941530524,0.4178847807394669,0.9878409243584576,8,8,0.4394600000000001,Monitor,Monitor inventory and supplier performance,0.43970524874026073,Monitor
P00234,Electrical,B,4609.98,27,SUP004,Low,No,1.642094017094017,1.787987694428965,1537,17,12.511752136752136,0.0149572649572649,14,0.0085470085470085,7.619388418998048,0.15,0.4125,0.9952,2.0,2.0,1.0,0.3516666666666667,0.81,0.71,0.17,0.145,0.737,0.6,0.89,0.5394500000000001,High,SUP004,0.233125,Low,0.256797583081571,0.4350453172205438,0.9831092726645984,6,6,0.4377660000000001,Monitor,Monitor inventory and supplier performance,0.4405089516895276,Monitor
P00170,Structure,C,508.42,35,SUP001,Low,No,3.1901709401709404,3.3437865712168,2986,23,25.853632478632477,0.0064102564102564,6,0.032051282051282,8.104152712659074,0.2814814814814815,0.4296296296296296,0.9564846416382252,2.0,2.0,1.0,0.8300000000000001,0.71,0.625,0.4126666666666667,0.3616666666666667,0.737,0.3,0.24,0.5740166666666667,High,SUP001,0.23,Low,0.267071320182094,0.4218512898330804,0.9758897818599312,3,3,0.4364100000000001,Monitor,Monitor inventory and supplier performance,0.43254241650871944,Monitor
P00190,Structure,A,4230.32,28,SUP007,Low,No,0.8696581196581197,1.2624135658868183,814,12,8.346153846153847,0.0074786324786324,7,0.0106837606837606,9.597051597051598,0.0476190476190476,0.3809523809523809,0.9776785714285714,0.0,0.0,0.0,0.1316666666666666,0.6633333333333333,0.6433333333333333,0.178,0.1683333333333333,0.175,1.0,0.8733333333333333,0.4536166666666667,Medium,SUP007,0.2675,Medium,0.3935018050541516,0.4681107099879663,0.9821003522803008,2,2,0.4360455,Monitor,Monitor inventory and supplier performance,0.4369455598685557,Monitor
P00217,Fasteners,C,691.28,36,SUP007,Low,No,3.4401709401709404,3.0953906689153308,3220,24,27.642094017094017,0.048076923076923,45,0.0331196581196581,8.035093167701863,0.360759493670886,0.4746835443037974,0.9948642699926632,0.0,0.0,0.0,0.8200000000000001,0.72,0.86,0.3333333333333333,0.3916666666666666,0.175,0.3,0.3133333333333333,0.5483333333333335,High,SUP007,0.2675,Medium,0.3935018050541516,0.4681107099879663,0.9821003522803008,2,2,0.436,Monitor,Monitor inventory and supplier performance,0.4343426964254719,Monitor
P00086,Cabin,B,1304.63,34,SUP022,Low,No,4.950854700854701,4.5644217369530296,4634,43,50.01068376068376,0.0,0,0.047008547008547,10.101424255502804,0.0103626943005181,0.4196891191709844,0.9717149220489978,0.0,0.0,0.0,0.95,0.5833333333333333,0.235,0.2426666666666667,0.3333333333333333,0.175,0.6,0.5633333333333334,0.4698166666666666,Medium,SUP022,0.333125,Medium,0.2547945205479452,0.4493150684931506,0.9765289571605764,6,7,0.435897,Monitor,Monitor inventory and supplier performance,0.43625080578471676,Monitor
P00009,Structure,A,3012.47,22,SUP012,Low,No,0.9583333333333334,1.2510423461544602,897,9,6.443376068376068,0.0309829059829059,29,0.0074786324786324,6.723522853957636,0.0434782608695652,0.391304347826087,0.9815668202764976,0.0,0.0,0.0,0.1466666666666666,0.8333333333333334,0.805,0.1746666666666667,0.0533333333333333,0.175,1.0,0.7933333333333333,0.4981166666666667,Medium,SUP012,0.1987499999999999,Low,0.0911435941530524,0.4178847807394669,0.9878409243584576,8,8,0.4351255,Monitor,Monitor inventory and supplier performance,0.43555409365538256,Monitor
P00179,Electrical,C,644.05,12,SUP028,Low,No,0.9722222222222222,1.9532717042348375,910,14,2.5256410256410255,0.3653846153846153,342,0.001068376068376,2.597802197802198,0.2826086956521739,0.3695652173913043,0.9575163398692812,1.0,1.0,1.0,0.2799999999999999,0.9966666666666668,1.0,0.32,0.0033333333333333,0.4896666666666667,0.3,0.29,0.5331333333333332,High,SUP028,0.28625,Medium,0.1147540983606557,0.4110970996216898,0.9786134634706474,9,10,0.4343799999999999,Monitor,Monitor inventory and supplier performance,0.43686507332214636,Monitor
P00043,Electrical,C,1779.33,21,SUP028,Low,No,0.908119658119658,1.712520202651681,850,15,3.7767094017094016,0.1420940170940171,133,0.0042735042735042,4.158823529411765,0.3333333333333333,0.4222222222222222,0.9852216748768472,1.0,1.0,1.0,0.2166666666666666,0.9766666666666668,0.9666666666666668,0.2759999999999999,0.04,0.4896666666666667,0.3,0.6533333333333333,0.5298666666666666,High,SUP028,0.28625,Medium,0.1147540983606557,0.4110970996216898,0.9786134634706474,9,10,0.4324199999999999,Monitor,Monitor inventory and supplier performance,0.42890961612399997,Monitor
P00131,Engine,C,397.49,38,SUP017,Low,No,0.5769230769230769,1.137809857173799,540,8,4.297008547008547,0.0235042735042735,22,0.0042735042735042,7.448148148148149,0.2333333333333333,0.4666666666666667,0.9902912621359224,1.0,1.0,1.0,0.0566666666666666,0.8233333333333334,0.76,0.29,0.4516666666666666,0.4896666666666667,0.3,0.1733333333333333,0.4634666666666666,Medium,SUP017,0.38375,Medium,0.1263399693721286,0.4127105666156202,0.976163610719323,11,14,0.4315799999999999,Monitor,Monitor inventory and supplier performance,0.4304984113352602,Monitor
P00019,Fasteners,B,2838.25,34,SUP007,Low,No,2.4786324786324787,2.620277294705127,2320,18,24.39957264957265,0.001068376068376,1,0.0245726495726495,9.84396551724138,0.2586206896551724,0.4396551724137931,0.9682179341657208,0.0,0.0,0.0,0.6499999999999999,0.6366666666666667,0.4916666666666666,0.382,0.3333333333333333,0.175,0.6,0.7666666666666667,0.50505,High,SUP007,0.2675,Medium,0.3935018050541516,0.4681107099879663,0.9821003522803008,2,2,0.4305315,Monitor,Monitor inventory and supplier performance,0.4325628753844779,Monitor
P00236,Hydraulics,A,6060.44,36,SUP030,Low,Yes,0.7168803418803419,1.0382900847572043,671,7,8.731837606837606,0.0,0,0.016025641025641,12.18032786885246,-0.2,0.3142857142857143,0.9754098360655736,0.0,0.0,0.0,0.0766666666666666,0.47,0.235,0.1206666666666666,0.3916666666666666,0.175,1.0,0.93,0.3620166666666666,Medium,SUP030,0.38625,Medium,0.2049530315969257,0.4210076857386849,0.981411736119548,13,14,0.4274664999999999,Monitor,Monitor inventory and supplier performance,0.4303618038053284,Monitor
P00296,Fasteners,C,720.63,28,SUP007,Low,No,1.455128205128205,2.573438030933306,1362,18,8.955128205128204,0.1004273504273504,94,0.0128205128205128,6.154185022026431,0.6428571428571429,0.4857142857142857,0.9903288201160542,0.0,0.0,0.0,0.485,0.9,0.9333333333333332,0.402,0.1683333333333333,0.175,0.3,0.3333333333333333,0.5340500000000001,High,SUP007,0.2675,Medium,0.3935018050541516,0.4681107099879663,0.9821003522803008,2,2,0.4274300000000001,Monitor,Monitor inventory and supplier performance,0.42505116327928816,Monitor
P00213,Avionics,C,374.67,38,SUP029,Low,No,1.5758547008547008,2.836095515207296,1475,21,12.104700854700855,0.0673076923076923,63,0.0245726495726495,7.68135593220339,0.4666666666666667,0.52,0.979591836734694,0.0,0.0,0.0,0.5549999999999999,0.8,0.91,0.4516666666666666,0.4516666666666666,0.175,0.3,0.1633333333333333,0.5483333333333333,High,SUP029,0.241875,Low,0.2222222222222222,0.4269005847953216,0.9833502081223984,7,7,0.42575,Monitor,Monitor inventory and supplier performance,0.4249886867154634,Monitor
P00066,Fasteners,C,1038.9,32,SUP035,Low,No,1.4123931623931625,2.460123956556183,1322,18,11.675213675213676,0.0651709401709401,61,0.0138888888888888,8.26626323751891,0.3235294117647059,0.4558823529411764,0.972093023255814,0.0,0.0,0.0,0.4399999999999999,0.6833333333333333,0.9,0.4,0.2566666666666666,0.175,0.3,0.4333333333333333,0.4925,Medium,SUP035,0.323125,Medium,0.2589413447782546,0.4377682403433476,0.9805861841485252,3,15,0.4247499999999999,Monitor,Monitor inventory and supplier performance,0.42042928005283725,Monitor
P00079,Electrical,C,1332.7,19,SUP012,Low,No,2.486111111111111,2.6378202483314572,2327,18,11.150641025641026,0.125,117,0.0128205128205128,4.485174043833261,0.2678571428571428,0.4107142857142857,0.9890377588306942,1.0,1.0,1.0,0.6616666666666666,0.95,0.95,0.218,0.03,0.4896666666666667,0.3,0.5766666666666667,0.57525,High,SUP012,0.1987499999999999,Low,0.0911435941530524,0.4178847807394669,0.9878409243584576,8,8,0.42465,Monitor,Monitor inventory and supplier performance,0.42251236024812655,Monitor
P00088,Structure,B,1770.73,34,SUP029,Low,No,2.360042735042735,2.1031337957623246,2209,14,23.107905982905983,0.0064102564102564,6,0.0245726495726495,9.791308284291537,0.3684210526315789,0.4122807017543859,0.9898832684824904,1.0,1.0,1.0,0.5183333333333333,0.6433333333333333,0.625,0.246,0.3333333333333333,0.4896666666666667,0.6,0.65,0.5118666666666667,High,SUP029,0.241875,Low,0.2222222222222222,0.4269005847953216,0.9833502081223984,7,7,0.4240635,Monitor,Monitor inventory and supplier performance,0.42554691743239625,Monitor
P00253,Hydraulics,C,520.84,24,SUP028,Low,Yes,2.0235042735042734,2.1348854133943496,1894,19,8.899572649572649,0.1324786324786324,124,0.0138888888888888,4.3980992608236535,0.2989690721649484,0.422680412371134,0.9903938520653218,0.0,0.0,0.0,0.485,0.9633333333333334,0.9533333333333334,0.2533333333333333,0.0883333333333333,0.175,0.3,0.25,0.51525,High,SUP028,0.28625,Medium,0.1147540983606557,0.4110970996216898,0.9786134634706474,9,10,0.4236499999999999,Monitor,Monitor inventory and supplier performance,0.4212514416508253,Monitor
P00047,Avionics,C,175.38,47,SUP011,Low,Yes,1.4626068376068375,2.37785937961336,1369,15,16.83653846153846,0.0042735042735042,4,0.0117521367521367,11.511322132943754,0.5714285714285714,0.4714285714285714,0.9691119691119692,2.0,2.0,1.0,0.4333333333333333,0.55,0.5883333333333334,0.4853333333333334,0.7033333333333334,0.737,0.3,0.0133333333333333,0.5107500000000001,High,SUP011,0.288125,Medium,0.2849557522123894,0.4212389380530973,0.97932967417961,7,7,0.4217000000000001,Monitor,Monitor inventory and supplier performance,0.4216186135321398,Monitor
P00017,Cabin,A,6462.47,44,SUP031,Low,No,1.7264957264957266,2.033932180125656,1616,18,26.73076923076923,0.0,0,0.0085470085470085,15.482673267326732,0.6707317073170732,0.524390243902439,0.989156626506024,0.0,0.0,0.0,0.4083333333333333,0.2366666666666667,0.235,0.4306666666666667,0.6266666666666667,0.175,1.0,0.9333333333333332,0.4352666666666667,Medium,SUP031,0.26125,Medium,0.3138231631382316,0.4433374844333748,0.9818037974683544,4,4,0.4205089999999999,Monitor,Monitor inventory and supplier performance,0.4260383699791088,Monitor
P00123,Cabin,B,3000.73,47,SUP029,Low,No,4.535256410256411,3.9092426524841906,4245,34,63.69551282051282,0.0,0,0.0769230769230769,14.044522968197878,-0.0449438202247191,0.3707865168539326,0.9884448724121327,2.0,2.0,1.0,0.92,0.3766666666666667,0.235,0.0906666666666666,0.7033333333333334,0.737,0.6,0.7833333333333333,0.5053833333333333,High,SUP029,0.241875,Low,0.2222222222222222,0.4269005847953216,0.9833502081223984,7,7,0.4199789999999999,Monitor,Monitor inventory and supplier performance,0.42094869622958986,Monitor
P00089,Cabin,C,1257.21,48,SUP031,Low,No,2.644230769230769,4.533951405063804,2475,38,31.307692307692307,0.0064102564102564,6,0.0427350427350427,11.84,0.3688524590163934,0.4672131147540984,0.9878587196467992,0.0,0.0,0.0,0.8233333333333334,0.5366666666666666,0.625,0.3466666666666667,0.72,0.175,0.3,0.5533333333333333,0.5237499999999999,High,SUP031,0.26125,Medium,0.3138231631382316,0.4433374844333748,0.9818037974683544,4,4,0.4187499999999999,Monitor,Monitor inventory and supplier performance,0.4152020270259456,Monitor
P00288,Electrical,C,966.42,24,SUP031,Low,No,0.966880341880342,1.897359068230092,905,23,3.894230769230769,0.1623931623931624,152,0.0021367521367521,4.027624309392265,0.5217391304347826,0.5,0.9831932773109244,0.0,0.0,0.0,0.265,0.98,0.9766666666666668,0.4313333333333333,0.0883333333333333,0.175,0.3,0.4033333333333333,0.52345,High,SUP031,0.26125,Medium,0.3138231631382316,0.4433374844333748,0.9818037974683544,4,4,0.4185699999999999,Monitor,Monitor inventory and supplier performance,0.4154101824379863,Monitor
P00289,Structure,C,356.43,33,SUP004,Low,No,3.1645299145299144,3.249790185438368,2962,29,25.96688034188034,0.016025641025641,15,0.0427350427350427,8.205604321404456,0.1014492753623188,0.4130434782608695,0.982000837170364,2.0,2.0,1.0,0.815,0.69,0.7166666666666667,0.2013333333333333,0.2933333333333333,0.737,0.3,0.1333333333333333,0.5376500000000001,High,SUP004,0.233125,Low,0.256797583081571,0.4350453172205438,0.9831092726645984,6,6,0.41584,Monitor,Monitor inventory and supplier performance,0.4102708367110117,Monitor
P00104,Engine,C,481.56,29,SUP028,Low,Yes,1.9925213675213675,2.2206969204232183,1865,20,12.257478632478632,0.0438034188034188,41,0.0117521367521367,6.151742627345844,-0.0526315789473684,0.4526315789473684,0.9754901960784312,0.0,0.0,0.0,0.495,0.9033333333333332,0.8566666666666667,0.2753333333333333,0.1916666666666666,0.175,0.3,0.2133333333333333,0.5020500000000001,High,SUP028,0.28625,Medium,0.1147540983606557,0.4110970996216898,0.9786134634706474,9,10,0.41573,Monitor,Monitor inventory and supplier performance,0.41400937500849977,Monitor
P00067,LandingGear,C,788.2,27,SUP031,Low,Yes,2.4444444444444446,2.3544499025110603,2288,17,15.252136752136751,0.0512820512820512,48,0.0192307692307692,6.239510489510489,0.2457627118644068,0.4152542372881356,0.979577944179714,0.0,0.0,0.0,0.5716666666666668,0.89,0.87,0.27,0.145,0.175,0.3,0.35,0.51425,High,SUP031,0.26125,Medium,0.3138231631382316,0.4433374844333748,0.9818037974683544,4,4,0.41305,Monitor,Monitor inventory and supplier performance,0.4106168459649452,Monitor
P00050,Structure,C,448.26,36,SUP004,Low,No,1.3856837606837606,2.85060612044113,1297,30,11.35576923076923,0.0908119658119658,85,0.017094017094017,8.195065535851965,0.4696969696969697,0.5,0.9652351738241308,0.0,0.0,0.0,0.5166666666666666,0.6966666666666667,0.93,0.5173333333333334,0.3916666666666666,0.175,0.3,0.1966666666666666,0.5304333333333334,High,SUP004,0.233125,Low,0.256797583081571,0.4350453172205438,0.9831092726645984,6,6,0.41151,Monitor,Monitor inventory and supplier performance,0.4088136468504028,Monitor
P00227,LandingGear,C,739.27,37,SUP001,Low,Yes,2.6517094017094016,2.6106440422743047,2482,25,21.28418803418803,0.0245726495726495,23,0.0213675213675213,8.026591458501208,0.4365079365079365,0.4682539682539682,0.9856887298747764,0.0,0.0,0.0,0.6783333333333333,0.7233333333333334,0.7683333333333333,0.3746666666666666,0.4216666666666667,0.175,0.3,0.3366666666666666,0.5243666666666668,High,SUP001,0.23,Low,0.267071320182094,0.4218512898330804,0.9758897818599312,3,3,0.4066200000000001,Monitor,Monitor inventory and supplier performance,0.4028643140870769,Monitor
P00142,LandingGear,C,561.55,32,SUP031,Low,Yes,1.3076923076923077,2.5131492941611935,1224,20,10.346153846153848,0.0662393162393162,62,0.0181623931623931,7.911764705882353,0.140625,0.40625,0.9774774774774776,1.0,1.0,1.0,0.44,0.7466666666666666,0.9066666666666666,0.2233333333333333,0.2566666666666666,0.4896666666666667,0.3,0.2733333333333333,0.5031333333333333,High,SUP031,0.26125,Medium,0.3138231631382316,0.4433374844333748,0.9818037974683544,4,4,0.4063799999999999,Monitor,Monitor inventory and supplier performance,0.40103281196355167,Monitor
P00182,Engine,C,371.98,53,SUP005,Medium,Yes,1.4957264957264955,1.5987906211412104,1400,11,25.02457264957265,0.0,0,0.0277777777777777,16.730714285714285,1.8028169014084507,0.676056338028169,0.9382504288164666,0.0,0.0,0.0,0.2841666666666667,0.1999999999999999,0.235,0.7273333333333334,0.8516666666666667,0.175,0.3,0.1566666666666666,0.367475,Medium,SUP005,0.46125,Medium,1.9311926605504588,0.6628440366972477,0.9509496973491964,1,1,0.404985,Monitor,Monitor inventory and supplier performance,0.4039887544458697,Monitor
P00266,Fasteners,C,1352.93,28,SUP020,Low,No,3.3814102564102564,2.9633837680333204,3165,18,21.26602564102564,0.0608974358974358,57,0.0405982905982906,6.289099526066351,0.0,0.4331210191082802,0.9918319719953326,2.0,2.0,1.0,0.7983333333333333,0.8766666666666667,0.8866666666666667,0.1806666666666666,0.1683333333333333,0.737,0.3,0.5833333333333334,0.6048833333333334,High,SUP020,0.088125,Low,0.0484988452655889,0.3972286374133949,0.9852593266606006,5,5,0.39818,Normal,Normal monitoring,0.39417341901609554,Normal
P00073,Avionics,A,3427.65,33,SUP035,Low,Yes,1.125,1.2992696426369992,1053,10,13.865384615384617,0.0,0,0.0213675213675213,12.324786324786324,-0.1666666666666666,0.4259259259259259,1.0,0.0,0.0,0.0,0.1916666666666666,0.4366666666666666,0.235,0.1299999999999999,0.2933333333333333,0.175,1.0,0.8233333333333334,0.3588333333333333,Medium,SUP035,0.323125,Medium,0.2589413447782546,0.4377682403433476,0.9805861841485252,3,15,0.3962324999999999,Normal,Normal monitoring,0.3993239784513156,Normal
P00146,Electrical,B,4265.18,13,SUP020,Low,No,2.0427350427350426,2.0271659304067113,1912,14,6.84508547008547,0.202991452991453,190,0.0053418803418803,3.3509414225941425,0.0816326530612244,0.3877551020408163,0.9740134744947064,0.0,0.0,0.0,0.4599999999999999,0.9833333333333332,0.9833333333333332,0.2213333333333333,0.0066666666666666,0.175,0.6,0.88,0.5685333333333333,High,SUP020,0.088125,Low,0.0484988452655889,0.3972286374133949,0.9852593266606006,5,5,0.3951885,Normal,Normal monitoring,0.40441067282248305,Monitor
P00265,Hydraulics,B,397.06,34,SUP007,Low,Yes,1.905982905982906,1.900668752481438,1784,13,18.604700854700855,0.0,0,0.0256410256410256,9.76121076233184,0.4615384615384615,0.5164835164835165,0.9750623441396508,1.0,1.0,1.0,0.4166666666666666,0.6466666666666667,0.235,0.4703333333333334,0.3333333333333333,0.4896666666666667,0.6,0.17,0.4484333333333333,Medium,SUP007,0.2675,Medium,0.3935018050541516,0.4681107099879663,0.9821003522803008,2,2,0.3948629999999999,Normal,Normal monitoring,0.398425416507605,Normal
P00093,Engine,C,509.04,42,SUP030,Low,No,1.4433760683760684,1.542620498287517,1351,11,13.856837606837606,0.0032051282051282,3,0.0106837606837606,9.600296076980015,-0.391304347826087,0.3043478260869565,0.9678571428571427,0.0,0.0,0.0,0.2583333333333333,0.6599999999999999,0.565,0.142,0.56,0.175,0.3,0.2433333333333333,0.3924666666666666,Medium,SUP030,0.38625,Medium,0.2049530315969257,0.4210076857386849,0.981411736119548,13,14,0.38998,Normal,Normal monitoring,0.38695049187531216,Normal
P00023,Structure,A,2333.09,40,SUP029,Low,No,0.936965811965812,1.252710849995416,877,7,14.385683760683762,0.001068376068376,1,0.0128205128205128,15.353477765108323,0.5777777777777777,0.4666666666666667,0.9954545454545456,0.0,0.0,0.0,0.1441666666666666,0.2433333333333333,0.4916666666666666,0.362,0.5183333333333333,0.175,1.0,0.72,0.4036749999999999,Medium,SUP029,0.241875,Low,0.2222222222222222,0.4269005847953216,0.9833502081223984,7,7,0.3897982499999998,Normal,Normal monitoring,0.39718511118340055,Normal
P00071,Avionics,B,1389.28,33,SUP007,Low,Yes,2.5053418803418803,2.2619789950178384,2345,19,25.16025641025641,0.0,0,0.0085470085470085,10.042643923240938,0.4621848739495798,0.4705882352941176,0.979125896934116,0.0,0.0,0.0,0.5683333333333334,0.5933333333333333,0.235,0.4206666666666667,0.2933333333333333,0.175,0.6,0.5966666666666667,0.4389333333333333,Medium,SUP007,0.2675,Medium,0.3935018050541516,0.4681107099879663,0.9821003522803008,2,2,0.388878,Normal,Normal monitoring,0.38954978243398664,Normal
P00124,Electrical,C,1018.72,16,SUP020,Low,No,2.1869658119658117,2.4613115461420523,2047,25,6.0405982905982905,0.3012820512820512,282,0.0042735042735042,2.7620908646800197,0.1714285714285714,0.3714285714285714,0.9800153727901614,2.0,2.0,1.0,0.5700000000000001,0.9933333333333332,0.9966666666666668,0.192,0.015,0.737,0.3,0.43,0.5891666666666666,High,SUP020,0.088125,Low,0.0484988452655889,0.3972286374133949,0.9852593266606006,5,5,0.38875,Normal,Normal monitoring,0.3865654112736715,Normal
P00032,Electrical,C,991.12,35,SUP029,Low,No,1.107905982905983,2.1022273636496926,1037,16,8.466880341880342,0.0715811965811965,67,0.0106837606837606,7.642237222757956,0.037037037037037,0.4074074074074074,0.974025974025974,0.0,0.0,0.0,0.33,0.8066666666666666,0.9133333333333332,0.215,0.3616666666666667,0.175,0.3,0.4166666666666667,0.4845833333333333,Medium,SUP029,0.241875,Low,0.2222222222222222,0.4269005847953216,0.9833502081223984,7,7,0.3874999999999999,Normal,Normal monitoring,0.3836756869389667,Normal
P00180,LandingGear,B,2758.93,33,SUP031,Low,No,1.8194444444444444,1.8844951695266048,1703,15,17.816239316239315,0.0021367521367521,2,0.0192307692307692,9.792131532589549,0.1494252873563218,0.3908045977011494,0.9838107098381071,0.0,0.0,0.0,0.395,0.64,0.5316666666666666,0.1873333333333333,0.2933333333333333,0.175,0.6,0.7566666666666667,0.4397666666666667,Medium,SUP031,0.26125,Medium,0.3138231631382316,0.4433374844333748,0.9818037974683544,4,4,0.3867779999999999,Normal,Normal monitoring,0.3884063062659677,Normal
P00274,Avionics,C,219.07,39,SUP004,Low,No,3.5844017094017095,2.904418957595083,3355,20,35.38461538461539,0.001068376068376,1,0.0352564102564102,9.87183308494784,0.2840236686390532,0.408284023668639,0.9861603974449964,1.0,1.0,1.0,0.81,0.63,0.4916666666666666,0.2306666666666666,0.49,0.4896666666666667,0.3,0.04,0.4858166666666667,Medium,SUP004,0.233125,Low,0.256797583081571,0.4350453172205438,0.9831092726645984,6,6,0.3847399999999999,Normal,Normal monitoring,0.3811275673585604,Normal
P00165,Electrical,C,1437.31,16,SUP012,Low,No,1.9647435897435896,1.900699713112016,1839,12,5.547008547008547,0.2083333333333333,195,0.0042735042735042,2.823273518216422,-0.2916666666666667,0.3854166666666667,0.9854910714285714,0.0,0.0,0.0,0.4283333333333333,0.99,0.9866666666666668,0.1026666666666666,0.015,0.175,0.3,0.6066666666666667,0.5049833333333333,High,SUP012,0.1987499999999999,Low,0.0911435941530524,0.4178847807394669,0.9878409243584576,8,8,0.38249,Normal,Normal monitoring,0.3799948093884285,Normal
P00187,Structure,B,951.17,25,SUP012,Low,No,2.2564102564102564,2.1411330746299644,2112,15,17.789529914529915,0.016025641025641,15,0.0288461538461538,7.883996212121212,-0.1401869158878504,0.4205607476635514,0.981012658227848,0.0,0.0,0.0,0.5183333333333333,0.7566666666666666,0.7166666666666667,0.18,0.115,0.175,0.6,0.3966666666666666,0.4724166666666666,Medium,SUP012,0.1987499999999999,Low,0.0911435941530524,0.4178847807394669,0.9878409243584576,8,8,0.3810975,Normal,Normal monitoring,0.3847901896451734,Normal
P00276,Engine,B,1238.4,41,SUP007,Low,Yes,1.1912393162393162,1.5251082761222006,1115,11,14.344017094017094,0.0,0,0.0267094017094017,12.041255605381163,0.6551724137931034,0.4827586206896552,0.981132075471698,1.0,1.0,1.0,0.2266666666666666,0.4966666666666667,0.235,0.4473333333333333,0.5333333333333333,0.4896666666666667,0.6,0.5433333333333333,0.42515,Medium,SUP007,0.2675,Medium,0.3935018050541516,0.4681107099879663,0.9821003522803008,2,2,0.3801945,Normal,Normal monitoring,0.3834133571943835,Normal
P00225,LandingGear,C,689.1,22,SUP032,Low,No,2.549145299145299,2.420884912730005,2386,17,11.378205128205128,0.1346153846153846,126,0.0074786324786324,4.463537300922045,-0.0901639344262295,0.3770491803278688,0.982421875,1.0,4.0,4.0,0.605,0.96,0.96,0.1173333333333333,0.0533333333333333,0.6656666666666666,0.3,0.31,0.56175,High,SUP032,0.10375,Low,-0.0839002267573696,0.3877551020408163,0.987417615338526,5,8,0.3785499999999999,Normal,Normal monitoring,0.3747880662324968,Normal
P00099,Engine,B,1205.13,51,SUP029,Low,Yes,0.6314102564102564,1.2782995633871024,591,10,8.280982905982906,0.0021367521367521,2,0.0053418803418803,13.115059221658209,0.4242424242424242,0.4848484848484848,0.9363636363636364,0.0,0.0,0.0,0.0816666666666666,0.4033333333333333,0.5316666666666666,0.544,0.805,0.175,0.6,0.53,0.4387666666666667,Medium,SUP029,0.241875,Low,0.2222222222222222,0.4269005847953216,0.9833502081223984,7,7,0.3780105,Normal,Normal monitoring,0.38352223939729363,Normal
P00249,Hydraulics,C,495.73,42,SUP031,Low,Yes,1.748931623931624,1.748337309940621,1637,11,16.767094017094017,0.0202991452991453,19,0.0138888888888888,9.587049480757484,-0.0117647058823529,0.4117647058823529,0.9591836734693876,0.0,0.0,0.0,0.3625,0.6666666666666667,0.745,0.274,0.56,0.175,0.3,0.23,0.4555583333333334,Medium,SUP031,0.26125,Medium,0.3138231631382316,0.4433374844333748,0.9818037974683544,4,4,0.377835,Normal,Normal monitoring,0.37538845121928033,Normal
P00206,Fasteners,C,492.96,41,SUP011,Low,No,1.4668803418803418,2.4343735626134113,1373,17,14.73397435897436,0.0128205128205128,12,0.0149572649572649,10.044428259286237,0.1408450704225352,0.380281690140845,0.9750889679715302,0.0,0.0,0.0,0.4466666666666666,0.5900000000000001,0.6916666666666667,0.2173333333333333,0.5333333333333333,0.175,0.3,0.2266666666666666,0.4335166666666666,Medium,SUP011,0.288125,Medium,0.2849557522123894,0.4212389380530973,0.97932967417961,7,7,0.3753599999999999,Normal,Normal monitoring,0.36956557050495964,Normal
P00168,Engine,A,3707.61,40,SUP007,Low,Yes,0.4882478632478632,0.7738166584217763,457,6,7.556623931623932,0.0,0,0.0074786324786324,15.477024070021884,0.5357142857142857,0.5,0.9814814814814816,0.0,0.0,0.0,0.02,0.24,0.235,0.445,0.5183333333333333,0.175,1.0,0.84,0.3643333333333333,Medium,SUP007,0.2675,Medium,0.3935018050541516,0.4681107099879663,0.9821003522803008,2,2,0.37444,Normal,Normal monitoring,0.3845743615738645,Normal
P00106,Avionics,C,177.67,49,SUP001,Low,Yes,1.3942307692307692,2.3995384685802863,1305,20,15.760683760683762,0.0128205128205128,12,0.0299145299145299,11.304214559386974,0.2537313432835821,0.417910447761194,0.9959514170040484,1.0,1.0,1.0,0.4216666666666666,0.56,0.6916666666666667,0.21,0.7483333333333333,0.4896666666666667,0.3,0.0166666666666666,0.4651333333333333,Medium,SUP001,0.23,Low,0.267071320182094,0.4218512898330804,0.9758897818599312,3,3,0.3710799999999999,Normal,Normal monitoring,0.3678395635782811,Normal
P00139,Structure,B,1599.14,34,SUP001,Low,No,1.8226495726495728,1.9818858380164828,1706,15,18.34508547008547,0.0021367521367521,2,0.0202991452991453,10.06506447831184,0.1954022988505747,0.3908045977011494,0.982532751091703,0.0,0.0,0.0,0.4216666666666667,0.5866666666666667,0.5316666666666666,0.206,0.3333333333333333,0.175,0.6,0.63,0.4335666666666666,Medium,SUP001,0.23,Low,0.267071320182094,0.4218512898330804,0.9758897818599312,3,3,0.369747,Normal,Normal monitoring,0.3704406893225166,Normal
P00077,Fasteners,B,3610.51,32,SUP012,Low,No,2.450854700854701,2.361849025553346,2294,19,24.351495726495727,0.0053418803418803,5,0.0149572649572649,9.9359197907585,-0.3017241379310345,0.3534482758620689,0.9890988372093024,0.0,0.0,0.0,0.5766666666666667,0.6166666666666667,0.605,0.052,0.2566666666666666,0.175,0.6,0.8333333333333334,0.4532166666666666,Medium,SUP012,0.1987499999999999,Low,0.0911435941530524,0.4178847807394669,0.9878409243584576,8,8,0.3690015,Normal,Normal monitoring,0.37080278949350437,Normal
P00058,Hydraulics,B,1572.49,41,SUP001,Low,Yes,1.8557692307692308,2.1927271243535467,1737,16,22.365384615384617,0.001068376068376,1,0.0288461538461538,12.05181347150259,0.1797752808988764,0.3707865168539326,0.9839285714285714,0.0,0.0,0.0,0.4675,0.4933333333333333,0.4916666666666666,0.168,0.5333333333333333,0.175,0.6,0.6233333333333333,0.4297416666666667,Medium,SUP001,0.23,Low,0.267071320182094,0.4218512898330804,0.9758897818599312,3,3,0.36733725,Normal,Normal monitoring,0.36937246260932144,Normal
P00063,Avionics,C,359.45,36,SUP007,Low,No,3.0993589743589745,2.625208851459316,2901,17,24.99145299145299,0.0,0,0.0331196581196581,8.063426404688038,0.2885906040268456,0.4563758389261745,0.9809020723283218,0.0,0.0,0.0,0.7216666666666667,0.7166666666666667,0.235,0.3513333333333333,0.3916666666666666,0.175,0.3,0.1366666666666666,0.4330333333333334,Medium,SUP007,0.2675,Medium,0.3935018050541516,0.4681107099879663,0.9821003522803008,2,2,0.36682,Normal,Normal monitoring,0.3606522705846389,Normal
P00197,Electrical,C,1056.57,19,SUP012,Low,No,1.0961538461538465,1.9461592929198648,1026,16,4.710470085470085,0.1837606837606837,172,0.0074786324786324,4.297270955165692,0.0384615384615384,0.3846153846153846,1.0,0.0,0.0,0.0,0.2933333333333333,0.97,0.98,0.1053333333333333,0.03,0.175,0.3,0.45,0.4738,Medium,SUP012,0.1987499999999999,Low,0.0911435941530524,0.4178847807394669,0.9878409243584576,8,8,0.36378,Normal,Normal monitoring,0.3597912520822885,Normal
P00013,Avionics,A,1751.39,33,SUP012,Low,No,0.4594017094017094,0.9537190165458268,430,7,5.461538461538462,0.0085470085470085,8,0.0053418803418803,11.888372093023255,-0.1428571428571428,0.3571428571428571,1.0,0.0,0.0,0.0,0.0233333333333333,0.5233333333333333,0.6583333333333333,0.0466666666666666,0.2933333333333333,0.175,1.0,0.6466666666666666,0.3930833333333333,Medium,SUP012,0.1987499999999999,Low,0.0911435941530524,0.4178847807394669,0.9878409243584576,8,8,0.3626524999999999,Normal,Normal monitoring,0.3708061294622545,Normal
P00064,Structure,B,1813.76,29,SUP032,Low,No,2.0555555555555554,2.0315982778801716,1924,13,15.885683760683762,0.0053418803418803,5,0.0202991452991453,7.72817047817048,-0.01,0.43,0.9895287958115184,1.0,1.0,1.0,0.4683333333333333,0.7833333333333333,0.605,0.1773333333333333,0.1916666666666666,0.4896666666666667,0.6,0.6566666666666666,0.5052333333333333,High,SUP032,0.10375,Low,-0.0839002267573696,0.3877551020408163,0.987417615338526,5,8,0.3618719999999999,Normal,Normal monitoring,0.36350688034032186,Normal
P00284,Fasteners,B,2827.57,50,SUP001,Low,No,2.3621794871794872,2.134569338484469,2211,17,33.83440170940171,0.0,0,0.0213675213675213,14.323383084577117,0.208695652173913,0.4260869565217391,0.9762815608263198,0.0,0.0,0.0,0.5283333333333333,0.3266666666666666,0.235,0.298,0.7833333333333333,0.175,0.6,0.7633333333333333,0.4185333333333334,Medium,SUP001,0.23,Low,0.267071320182094,0.4218512898330804,0.9758897818599312,3,3,0.3602760000000001,Normal,Normal monitoring,0.36371082720819303,Normal
P00118,Engine,C,352.76,39,SUP035,Low,Yes,1.439102564102564,1.6457785395471825,1347,15,13.926282051282053,0.0032051282051282,3,0.0192307692307692,9.67706013363029,0.0294117647058823,0.3823529411764705,0.9823529411764704,0.0,0.0,0.0,0.2783333333333333,0.6533333333333333,0.565,0.146,0.49,0.175,0.3,0.1266666666666666,0.3819000000000001,Medium,SUP035,0.323125,Medium,0.2589413447782546,0.4377682403433476,0.9805861841485252,3,15,0.35839,Normal,Normal monitoring,0.3540763972727847,Normal
P00154,Avionics,C,231.5,32,SUP012,Low,No,3.8344017094017095,3.380240200457436,3589,26,31.25,0.001068376068376,1,0.0352564102564102,8.149902479799387,0.073170731707317,0.4451219512195122,0.9811129848229342,0.0,0.0,0.0,0.8833333333333333,0.7033333333333334,0.4916666666666666,0.2666666666666666,0.2566666666666666,0.175,0.3,0.05,0.4625833333333333,Medium,SUP012,0.1987499999999999,Low,0.0911435941530524,0.4178847807394669,0.9878409243584576,8,8,0.35705,Normal,Normal monitoring,0.3509446750127405,Normal
P00109,Engine,B,800.02,50,SUP029,Low,Yes,1.4775641025641026,1.573690388779423,1383,11,20.73076923076923,0.0,0,0.0331196581196581,14.030368763557483,0.5070422535211268,0.4225352112676056,0.9875886524822696,1.0,1.0,1.0,0.275,0.3833333333333333,0.235,0.31,0.7833333333333333,0.4896666666666667,0.6,0.36,0.4049666666666667,Medium,SUP029,0.241875,Low,0.2222222222222222,0.4269005847953216,0.9833502081223984,7,7,0.3567165,Normal,Normal monitoring,0.36152201850357435,Normal
P00279,Fasteners,A,10994.03,33,SUP012,Low,No,0.9305555555555556,1.2446618040801076,871,9,11.803418803418804,0.0,0,0.0224358974358974,12.684270952927667,0.1590909090909091,0.4545454545454545,0.9802371541501976,0.0,0.0,0.0,0.1366666666666666,0.41,0.235,0.3086666666666666,0.2933333333333333,0.175,1.0,0.9866666666666668,0.3802166666666666,Medium,SUP012,0.1987499999999999,Low,0.0911435941530524,0.4178847807394669,0.9878409243584576,8,8,0.3537744999999999,Normal,Normal monitoring,0.3690770434919707,Normal
P00207,Fasteners,C,651.73,28,SUP020,Low,No,1.5352564102564104,2.6774631896712293,1437,23,8.93482905982906,0.1335470085470085,125,0.0032051282051282,5.819763395963813,-0.0684931506849315,0.3698630136986301,0.988013698630137,1.0,1.0,1.0,0.5266666666666666,0.91,0.9566666666666668,0.0886666666666666,0.1683333333333333,0.4896666666666667,0.3,0.2933333333333333,0.5282666666666667,High,SUP020,0.088125,Low,0.0484988452655889,0.3972286374133949,0.9852593266606006,5,5,0.3522099999999999,Normal,Normal monitoring,0.34541147695872654,Normal
P00161,Engine,A,4072.98,39,SUP012,Low,Yes,0.3739316239316239,0.6695228819371004,350,7,5.352564102564102,0.0,0,0.0064102564102564,14.314285714285711,-0.4166666666666667,0.3333333333333333,1.0,2.0,2.0,1.0,0.005,0.3333333333333333,0.235,0.0213333333333333,0.49,0.737,1.0,0.8666666666666667,0.3719,Medium,SUP012,0.1987499999999999,Low,0.0911435941530524,0.4178847807394669,0.9878409243584576,8,8,0.348036,Normal,Normal monitoring,0.35878998935837825,Normal
P00285,Fasteners,C,912.56,43,SUP004,Low,No,2.6335470085470085,2.592730813972722,2465,20,25.96581196581197,0.0,0,0.0427350427350427,9.859634888438134,0.1065573770491803,0.4098360655737705,0.98330122029544,0.0,0.0,0.0,0.6716666666666666,0.6333333333333333,0.235,0.188,0.5966666666666667,0.175,0.3,0.3833333333333333,0.4172,Medium,SUP004,0.233125,Low,0.256797583081571,0.4350453172205438,0.9831092726645984,6,6,0.34357,Normal,Normal monitoring,0.3356941322646089,Normal
P00241,Engine,C,388.21,36,SUP012,Low,Yes,0.7435897435897436,1.41514404265297,696,10,5.8076923076923075,0.0256410256410256,24,0.0053418803418803,7.810344827586206,-0.1666666666666666,0.3055555555555556,0.986842105263158,1.0,1.0,1.0,0.135,0.7733333333333333,0.7766666666666666,0.0613333333333333,0.3916666666666666,0.4896666666666667,0.3,0.1666666666666666,0.4270833333333333,Medium,SUP012,0.1987499999999999,Low,0.0911435941530524,0.4178847807394669,0.9878409243584576,8,8,0.33575,Normal,Normal monitoring,0.32913013436947236,Normal
P00229,Hydraulics,C,486.91,42,SUP001,Low,No,0.8301282051282052,1.6942780030031368,777,14,8.298076923076923,0.0192307692307692,18,0.0128205128205128,9.996138996138995,0.225,0.425,1.0,0.0,0.0,0.0,0.1941666666666666,0.6,0.7366666666666667,0.2106666666666666,0.56,0.175,0.3,0.2233333333333333,0.4058916666666666,Medium,SUP001,0.23,Low,0.267071320182094,0.4218512898330804,0.9758897818599312,3,3,0.3355349999999999,Normal,Normal monitoring,0.3297483218098549,Normal
P00075,Engine,B,1671.55,44,SUP031,Low,No,1.2126068376068375,1.3854442864750858,1135,8,14.438034188034187,0.0,0,0.0128205128205128,11.90660792951542,-0.0689655172413793,0.3793103448275862,0.9888888888888888,0.0,0.0,0.0,0.2116666666666666,0.5166666666666666,0.235,0.096,0.6266666666666667,0.175,0.6,0.64,0.3569,Medium,SUP031,0.26125,Medium,0.3138231631382316,0.4433374844333748,0.9818037974683544,4,4,0.334572,Normal,Normal monitoring,0.3376902993592396,Normal
P00204,Fasteners,C,1829.42,33,SUP032,Low,No,3.02991452991453,2.6647154523297436,2836,17,24.60042735042735,0.0,0,0.0192307692307692,8.119181946403385,-0.0273972602739726,0.3904109589041096,0.9904153354632588,2.0,2.0,1.0,0.7233333333333334,0.7066666666666667,0.235,0.1099999999999999,0.2933333333333333,0.737,0.3,0.66,0.4676166666666667,Medium,SUP032,0.10375,Low,-0.0839002267573696,0.3877551020408163,0.987417615338526,5,8,0.3220699999999999,Normal,Normal monitoring,0.3099291127030529,Normal
P00174,Hydraulics,C,476.71,35,SUP032,Low,Yes,0.8376068376068376,1.71788834413214,784,17,6.416666666666667,0.0598290598290598,56,0.0042735042735042,7.660714285714286,-0.575,0.35,0.976303317535545,1.0,1.0,1.0,0.205,0.8033333333333333,0.8833333333333333,0.1053333333333333,0.3616666666666667,0.4896666666666667,0.3,0.21,0.46535,Medium,SUP032,0.10375,Low,-0.0839002267573696,0.3877551020408163,0.987417615338526,5,8,0.3207099999999999,Normal,Normal monitoring,0.3156900039059059,Normal
P00252,Engine,C,528.44,39,SUP032,Low,Yes,0.6613247863247863,1.2815598605680527,619,11,6.168803418803419,0.032051282051282,30,0.0064102564102564,9.32794830371567,0.0606060606060606,0.3333333333333333,1.0,0.0,0.0,0.0,0.0883333333333333,0.6733333333333333,0.81,0.0773333333333333,0.49,0.175,0.3,0.2566666666666666,0.39035,Medium,SUP032,0.10375,Low,-0.0839002267573696,0.3877551020408163,0.987417615338526,5,8,0.27571,Normal,Normal monitoring,0.2684233462123773,Normal
